CustomerID,RECENCY,FREQUENCY,MONETARY
13069,0,24,3717.82
13113,0,24,10510.0
17754,0,5,1739.92
14441,0,4,1545.14
16558,0,20,8257.04
15804,0,13,3848.55
12985,0,2,1215.6200000000001
16446,0,2,2.8999999999941792
15344,0,3,476.58
16954,0,9,2085.08
15910,0,8,1232.18
15694,0,14,6423.6
16626,0,17,4379.65
14422,0,6,4263.64
17490,0,7,1926.8799999999999
17001,0,11,3989.57
17581,0,25,10736.11
14051,0,23,15477.34
13426,0,10,3550.7000000000003
17364,0,11,4455.73
16705,0,20,13946.130000000001
14446,0,4,1039.58
15796,1,8,2666.61
17830,1,3,398.7
17757,1,30,5585.49
12955,1,11,4734.26
14569,1,1,227.39
17856,1,4,1393.79
13404,1,2,252.49
16688,1,4,1260.86
17144,1,2,984.57
15877,1,2,440.78
13394,1,8,2312.8
13077,1,4,729.27
16794,1,10,1201.51
15399,1,3,815.77
13298,1,1,360.0
17677,1,30,16219.22
14702,1,17,3250.64
15520,1,1,343.5
14698,1,5,1250.76
17668,1,2,347.75
13026,1,5,936.15
13314,1,3,578.66
13318,1,3,640.76
15484,1,4,3563.11
14719,1,5,1592.18
13013,1,13,4786.99
14129,1,5,1123.8600000000001
16933,1,2,530.08
17644,1,11,2768.98
14135,1,15,4690.31
14138,1,2,982.3800000000001
16892,1,5,496.84000000000003
16891,1,5,809.7
17631,1,3,528.33
15453,1,7,1388.37
16833,1,4,1106.53
15443,1,7,3212.16
14653,1,7,1947.55
14730,1,8,2005.06
14621,1,5,1765.76
13860,1,5,1240.0
13269,1,15,5315.92
13890,1,10,1860.8600000000001
15898,1,5,1384.68
13436,1,1,196.89
18109,1,26,7925.32
17491,1,10,3541.92
15208,1,5,867.62
14191,1,13,4660.01
14251,1,5,2879.7000000000003
15187,1,16,4670.08
17451,1,7,1648.95
13924,1,6,1682.08
13510,1,4,1785.16
16401,1,12,4061.24
14415,1,13,5811.56
13599,1,21,5030.6
16161,1,19,5352.97
17436,1,2,216.29999999999998
18210,1,6,2621.38
16358,1,4,2024.95
15156,1,3,961.49
14291,1,11,3873.3
13536,1,7,3448.29
13954,1,2,378.59
17405,1,3,967.22
16322,1,2,326.75
13521,1,3,1093.65
15214,1,8,1661.44
16442,1,3,616.79
16523,1,21,9295.67
13680,1,4,2202.31
15237,1,4,1412.32
17554,1,5,1952.45
14520,1,2,270.6
17530,1,10,2385.0
14796,1,17,7839.51
17528,1,8,3540.1
13102,1,24,6336.29
17243,1,26,8628.55
14217,1,17,1925.3600000000001
17522,1,5,1070.71
17673,1,6,1622.22
14056,1,23,8124.4
13471,1,4,2531.58
15498,2,27,12396.46
15298,2,12,3774.1
14910,2,4,389.86
17412,2,7,1258.06
14708,2,3,1096.67
17602,2,6,5050.77
14904,2,2,1025.44
13949,2,6,2427.32
17503,2,2,558.96
13882,2,5,1131.28
17232,2,2,421.52
15136,2,4,1282.45
13267,2,19,4404.44
17590,2,3,1479.22
14085,2,18,4435.79
14794,2,7,1272.11
17434,2,7,2333.42
17049,2,9,5594.78
17266,2,3,310.64
15471,2,1,469.48
14087,2,1,181.67
15195,2,1,3861.0
17091,2,9,3802.81
17238,2,17,3744.65
17449,2,7,2504.86
14032,2,11,2929.84
14769,2,8,10641.6
13870,2,8,2751.25
17042,2,5,1044.3799999999999
12747,2,11,4196.01
15525,2,3,811.02
15883,2,2,396.48
13685,2,7,3119.44
14534,2,18,4075.35
14204,2,1,161.03
12912,2,5,1662.3
17017,2,20,8574.11
15969,2,3,582.9
15984,2,10,2816.97
16000,2,3,12393.7
16539,2,4,1388.81
16525,2,26,11895.57
18092,2,11,9065.76
14397,2,19,2556.68
14395,2,9,3471.91
16458,2,18,3482.7400000000002
16426,2,10,1908.25
16393,2,13,2941.05
16368,2,2,497.43
12839,2,14,5583.62
18219,2,10,2019.77
16191,2,13,4913.32
13534,2,25,5613.08
18237,2,5,987.1
12828,2,6,1018.71
12826,2,7,1468.1200000000001
18272,2,6,3064.78
18273,2,3,204.0
16271,2,5,1423.29
14189,2,15,4604.31
12935,2,7,2156.45
13668,2,21,6216.07
16672,2,20,8093.59
14132,2,11,3580.13
15568,2,3,758.29
17735,2,19,13110.02
13769,2,10,2771.87
14141,2,4,879.0300000000001
13756,2,14,5145.12
15701,2,4,1542.14
13743,2,7,1340.1499999999999
16779,2,22,10454.05
17835,2,3,350.64
16817,2,9,1446.95
15750,2,8,2451.23
17870,2,12,1889.4
16678,2,12,3013.83
12950,2,3,1843.0
16143,3,6,2419.84
17119,3,2,593.61
16711,3,5,1651.03
15318,3,1,312.62
16929,3,7,1295.39
15157,3,3,1869.5
16353,3,23,6675.71
15822,3,2,885.47
18283,3,16,2094.88
16201,3,4,1821.52
16949,3,6,1161.27
13323,3,5,787.85
16979,3,6,1809.05
16987,3,7,1625.05
16313,3,2,274.15000000000003
13507,3,4,2479.16
16076,3,10,2173.53
16569,3,1,124.2
15992,3,1,41.989999999999995
13225,3,7,6083.04
16764,3,13,2758.25
16620,3,2,178.96
16528,3,1,244.41
13709,3,13,6249.110000000001
15907,3,3,967.45
16015,3,3,690.54
16790,3,6,1520.1200000000001
17250,3,2,384.52
16016,3,8,1483.31
13755,3,9,2154.68
17290,3,2,525.24
15194,3,15,7521.17
16495,3,3,684.41
15023,3,11,6763.16
17346,3,15,2611.58
14562,3,18,4709.22
18005,3,2,249.72
14216,3,4,1839.3
17744,3,6,2291.08
14871,3,4,522.38
13078,3,26,12432.28
14868,3,8,2939.64
17861,3,8,2059.2
14825,3,12,2226.91
14503,3,6,3543.26
17593,3,5,3911.56
17705,3,9,1781.12
17481,3,4,1249.34
14140,3,2,920.05
14737,3,3,1164.55
13104,3,6,1098.48
17914,3,1,336.43
17884,3,4,717.45
14547,3,8,3986.7400000000002
14907,3,7,3478.85
17883,3,4,671.77
12989,3,15,6854.51
17730,3,13,5288.83
12749,3,5,3868.2
12820,3,4,942.34
14113,3,4,1377.92
14293,3,4,1046.56
18225,3,12,5361.02
14110,3,12,5669.65
14282,3,15,3729.34
14071,3,8,1307.41
14578,3,1,168.63
17666,3,2,728.16
18154,3,2,399.19
14572,3,7,2803.69
12877,3,12,1535.77
13994,3,6,2313.14
14673,3,5,1736.4
17728,3,3,2515.68
14418,3,3,1937.25
14121,3,4,2740.3
14649,4,4,1417.29
15690,4,2,239.76
15628,4,9,2865.64
15640,4,15,12433.34
17383,4,1,199.29
13790,4,1,348.8
15621,4,4,1158.77
16873,4,6,7066.31
16811,4,2,547.07
15572,4,7,2552.86
16904,4,16,3754.27
16910,4,8,1510.06
13001,4,13,9797.92
15550,4,4,575.63
16968,4,2,439.43
13021,4,9,2584.4
17706,4,17,10097.37
13311,4,2,598.57
16851,4,3,342.45
14629,4,2,939.21
16682,4,5,1028.0
14608,4,4,1785.15
16200,4,2,1080.6200000000001
18223,4,14,6315.2300000000005
16360,4,6,3411.69
18198,4,17,5083.06
12841,4,25,3876.4
16149,4,2,280.52
16379,4,4,2131.9
18180,4,6,1843.75
14401,4,13,4039.98
16500,4,6,400.86
16513,4,4,874.59
18044,4,10,2085.65
18030,4,2,220.7
18015,4,1,120.03
14219,4,1,89.94
16592,4,16,4073.28
16597,4,1,90.04
17817,4,3,387.68
16746,4,18,6694.31
15854,4,12,2974.65
15856,4,27,16173.67
13417,4,2,640.83
12925,4,2,694.05
16642,4,2,679.83
14194,4,21,11216.75
12913,4,5,2483.63
15932,4,8,2461.85
16600,4,6,813.52
17920,4,17,4204.1
13305,4,10,2000.86
12994,4,3,902.22
17526,4,4,706.7
15053,4,3,697.79
17090,4,7,2041.8500000000001
13126,4,8,2056.29
15097,4,1,248.08
14696,4,7,2070.97
15392,4,4,1515.73
13079,4,5,220.10000000000002
14060,4,19,6135.38
14083,4,9,1018.43
15358,4,22,8234.8
14739,4,7,3899.1
13083,4,2,303.75
17579,4,3,440.2
14075,4,3,942.26
13230,4,14,2763.41
17218,4,10,1960.72
14759,4,3,1625.97
15290,4,18,7803.7699999999995
15145,4,4,1194.73
13173,4,2,353.65
15274,4,2,716.57
15031,4,4,668.14
17006,4,4,781.78
17254,4,2,272.44
15033,4,10,2571.02
13985,4,15,7024.53
17402,4,13,2633.85
17676,4,6,1383.27
13822,5,2,632.0
15867,5,15,3797.79
15773,5,1,635.6800000000001
17827,5,5,1995.46
16561,5,2,511.12
14456,5,9,3047.63
16033,5,20,8727.61
13956,5,5,1026.42
13736,5,2,724.0
16931,5,21,4604.22
16326,5,14,3085.96
17173,5,8,3755.65
12952,5,4,1382.8400000000001
13704,5,9,2295.31
13153,5,1,486.22
16988,5,1,126.12
17858,5,12,5155.66
16535,5,1,593.75
16283,5,5,1531.51
14583,5,5,1052.55
13838,5,4,691.73
14102,5,5,1314.73
14354,5,2,163.62
14658,5,2,247.15
17618,5,3,971.58
16905,5,7,3085.48
13435,5,7,3794.4900000000002
17750,5,9,1797.57
18065,5,14,2380.08
17954,5,12,2295.37
13808,5,5,1747.66
17936,5,1,389.84
17114,5,8,747.22
16438,5,5,798.35
13319,5,26,10664.34
17131,5,5,2463.17
13558,5,4,605.06
14546,5,5,2487.02
13630,5,7,1995.68
14720,5,3,663.81
17629,5,8,1784.12
12827,5,3,430.15000000000003
13596,5,2,697.04
13458,7,14,9537.92
14023,7,2,584.07
14031,7,19,14634.640000000001
14895,7,20,11020.26
14897,7,4,1366.38
16038,7,3,454.33000000000004
14428,7,5,1230.14
18282,7,2,176.6
18245,7,7,2507.56
14292,7,9,4819.33
16359,7,9,1460.3700000000001
13969,7,18,8986.69
13183,7,9,3957.78
18174,7,1,104.0
16103,7,6,1429.64
16440,7,5,3640.67
12856,7,6,2162.68
13495,7,5,1990.1200000000001
18144,7,12,2888.75
14250,7,3,1904.05
16474,7,7,1811.47
18097,7,6,2692.85
13953,7,7,3515.68
15123,7,2,2199.31
18055,7,10,6752.14
14493,7,5,2362.84
16989,7,6,1133.25
13560,7,1,174.37
17221,7,2,335.13
14092,7,14,4063.1
12962,7,2,266.39
15570,7,12,4109.97
17157,7,2,306.55
14594,7,2,379.83
17567,7,8,4012.56
16759,7,3,772.84
17584,7,2,1227.3
17086,7,6,2050.08
14865,7,2,52.2
13868,7,2,3192.54
17386,7,6,2686.42
16899,7,6,1281.56
17611,7,15,3947.87
12970,7,4,452.24
14126,7,3,643.6300000000001
17183,7,6,3286.9100000000003
13884,7,5,781.3000000000001
17686,7,7,5739.46
13309,7,5,1456.79
13297,7,4,2089.85
14688,7,21,5107.38
17495,7,2,497.56
14788,7,2,679.4399999999999
15539,7,1,538.46
17942,7,1,77.50000000000001
15271,7,15,2485.82
13705,7,3,711.86
14560,7,22,2174.18
13780,7,2,360.01
15547,7,14,4954.84
13017,7,1,204.0
16242,8,7,3598.26
16145,8,11,3741.98
16169,8,4,1822.97
15060,8,4,303.09
13854,8,25,8025.0199999999995
14659,8,9,2456.53
15531,8,2,2007.44
16156,8,9,3024.62
15028,8,4,627.13
15021,8,9,1872.28
15434,8,5,997.48
14287,8,3,151.23000000000002
15500,8,4,1131.56
15948,8,2,955.24
14299,8,9,2855.35
14047,8,5,1290.01
14869,8,2,721.95
15172,8,5,1624.05
15951,8,2,669.57
14804,8,1,353.27
15904,8,1,164.68
14766,8,6,2423.07
15862,8,4,832.88
15993,8,7,2756.82
15144,8,17,6530.04
14178,8,7,1620.93
16011,8,16,3362.71
14440,8,5,2357.6800000000003
14960,8,2,221.27
15101,8,2,310.03
14243,8,10,2535.88
15373,8,12,2213.11
15687,8,9,2981.5
15380,8,5,1682.3600000000001
14146,8,5,2949.57
14367,8,16,9167.82
14732,8,8,2686.34
16119,8,2,423.36
14262,8,8,2618.23
14309,8,9,2319.68
15602,8,9,1083.63
14655,8,4,1930.15
14289,8,6,911.26
17115,8,3,806.9000000000001
16496,8,3,1562.22
16700,8,13,5040.0
18122,8,6,1826.21
16701,8,13,5150.2699999999995
16789,8,1,80.8
16813,8,10,1692.98
18077,8,11,2633.0099999999998
16938,8,4,1903.13
16966,8,7,2148.47
17014,8,3,565.58
17293,8,9,1875.1100000000001
17937,8,7,4301.22
17321,8,2,700.86
12919,8,6,1301.44
17350,8,4,1256.19
13159,8,4,1379.75
17426,8,6,5022.26
17566,8,2,901.21
17576,8,19,3457.78
13090,8,14,8689.39
12951,8,6,1042.07
13040,8,2,676.99
17768,8,3,2273.1800000000003
13509,8,7,979.72
16376,8,2,977.52
12963,8,8,1841.03
17288,9,7,1419.73
18241,9,17,2058.09
14005,9,5,2874.72
15712,9,5,1072.3600000000001
18179,9,6,1793.17
14963,9,5,1487.8
15251,9,11,10327.11
15782,9,3,2593.94
16712,9,11,3645.43
16361,9,4,896.66
15024,9,10,1661.33
13203,9,4,869.46
12953,9,1,329.85
16657,9,4,933.62
14713,9,11,2664.2599999999998
15903,9,7,5126.34
15152,9,13,4684.24
16295,9,4,1328.55
12882,9,2,1463.04
16265,9,9,5423.15
14755,9,11,4965.38
18230,9,7,2716.6000000000004
15467,9,3,511.88
15444,9,2,1418.26
14893,9,2,1237.8500000000001
15414,9,3,774.9000000000001
15544,9,9,3542.51
14448,9,2,375.35
15394,9,4,2183.54
16915,9,6,621.6800000000001
17502,9,4,689.1
13784,9,11,2462.79
15611,9,13,1568.39
13255,9,2,390.66
14062,9,12,10464.85
18058,9,1,170.16
13362,9,4,3085.4900000000002
14432,9,6,2255.51
15654,9,2,922.53
15680,9,3,1333.68
14385,9,3,202.11
16241,9,13,2607.87
14258,9,9,12650.08
17736,9,3,337.49
17737,9,2,168.24
12957,9,8,3979.04
13647,9,4,1670.22
15113,9,3,3439.41
16062,9,4,1153.62
15046,9,15,5064.01
13012,9,8,1311.6200000000001
14540,9,3,996.26
14618,9,3,538.59
18158,9,2,451.75
16115,9,8,1667.97
13658,9,5,2421.47
12966,9,1,160.18
17911,9,1,366.23
15073,9,3,612.43
16818,10,11,3317.97
14349,10,1,133.5
14209,10,6,2067.13
14601,10,1,213.96
14321,10,5,1530.75
14452,10,2,264.44
16168,10,27,3770.6
15297,10,3,635.04
14836,10,3,102.44999999999999
16782,10,13,2242.25
14866,10,12,14197.45
13137,10,8,3605.08
16479,10,2,300.83
13496,10,2,617.93
16992,10,5,1601.8600000000001
14961,10,9,7006.58
14173,10,4,450.84
16852,10,2,144.91000000000003
15619,10,1,336.40000000000003
15615,10,23,10360.04
17772,10,2,182.77
14180,10,25,4640.77
14785,10,2,77.4
17466,10,2,763.28
13147,10,4,712.8000000000001
17468,10,2,137.0
14824,10,4,1127.71
17101,10,4,1621.73
13883,10,5,2538.75
15089,10,6,2420.84
14701,10,9,2486.2200000000003
16775,10,11,1695.66
14667,10,25,9231.2
14723,10,6,1158.3
16549,10,10,4154.64
14550,10,2,765.62
17306,10,19,8600.73
13928,10,4,464.57
17655,10,7,2571.7400000000002
13576,10,18,6703.3
13014,10,10,3365.43
18118,10,26,5595.77
13428,10,1,218.47
14711,10,11,2838.2
13657,10,2,382.14
14390,10,9,4592.47
14388,10,8,3172.04
15148,10,1,301.29
14125,10,3,2740.43
13198,10,6,3384.09
17682,10,6,2459.33
17711,10,2,385.1
13429,10,4,1006.8
13467,10,2,1083.71
13349,10,1,247.32
15218,10,11,5756.89
15790,10,1,220.85
15206,10,4,420.29999999999995
14554,10,4,2381.04
15755,10,6,2318.88
13999,10,12,3865.26
15783,10,1,246.3
13211,10,3,1197.42
15197,10,3,656.44
14419,10,6,1058.06
14408,10,7,2606.53
13068,10,2,344.0
15239,10,2,764.34
14480,11,1,279.05
17237,11,2,314.69
13196,11,4,1797.78
18229,11,20,7276.900000000001
13844,11,1,361.62
17379,11,1,404.66
12906,11,5,2919.81
17988,11,7,191.17000000000002
14901,11,9,1414.99
17299,11,4,669.11
17359,11,1,127.86
14290,11,5,2307.4500000000003
13914,11,2,613.95
14215,11,6,1777.92
17924,11,7,2894.33
13266,11,12,3717.67
14511,11,5,1267.4099999999999
17419,11,12,4200.97
17929,11,4,834.5
13258,11,3,698.58
13188,11,1,114.60000000000001
17188,11,7,2275.58
15022,11,4,905.04
13950,11,4,728.56
14597,11,2,883.15
16347,11,2,887.65
17019,11,4,1272.61
13030,11,2,799.48
14704,11,9,1546.91
17523,11,4,652.74
13590,11,6,1976.12
13758,11,7,3190.55
13418,11,18,5845.44
16800,11,1,1201.49
14741,11,6,1400.34
15714,11,2,330.88
16364,11,2,707.04
15721,11,1,507.08
17651,11,10,3886.67
18101,11,2,223.65
17031,11,2,380.35
18096,11,3,911.15
13389,11,3,797.96
15601,11,14,6745.36
17852,11,2,114.34
18041,11,21,4161.14
16094,11,4,1041.83
15511,11,5,909.23
14470,11,2,461.19
17806,11,1,546.04
13115,11,4,2205.63
15540,11,1,213.3
17739,11,7,2786.05
16744,11,7,1304.76
15561,11,4,722.74
13004,11,18,5613.43
15571,11,4,650.4300000000001
15861,12,8,3000.36
13991,12,6,850.63
14577,12,4,859.71
13610,12,7,1115.43
16407,12,10,2126.93
17365,12,8,4801.56
18156,12,2,734.94
17812,12,4,732.16
18112,12,2,352.69
18145,12,4,2861.55
17885,12,1,190.19
17769,12,10,3960.63
16024,12,1,251.24
15054,12,2,302.1
16005,12,4,615.39
14093,12,1,442.85
15987,12,7,1451.28
15747,12,3,974.04
13546,12,3,626.99
14859,12,4,1352.04
14878,12,9,1485.54
17068,12,21,4531.34
15514,12,11,2963.19
18001,12,2,417.23
15436,12,3,1122.53
17864,12,3,597.5
13571,12,12,2092.32
16983,12,7,1920.2
16942,12,9,1894.11
15555,12,16,4758.2
16923,12,19,6666.83
13782,12,6,912.0
15351,12,7,1862.14
16877,12,6,853.72
17231,12,10,3127.82
14954,12,1,336.17
15009,12,3,1261.78
13064,12,4,1119.49
17595,12,2,388.79
17411,12,3,748.94
17236,12,6,916.13
13232,12,7,1357.6
14703,14,1,318.17
17813,14,5,1714.6
14966,14,1,191.32
17385,14,1,261.11
17562,14,7,1107.38
14111,14,4,688.6
13050,14,17,5684.61
17557,14,3,541.46
13978,14,2,196.79000000000002
13048,14,4,1805.91
14710,14,4,606.13
13149,14,4,1676.06
17624,14,2,843.48
16327,14,6,3844.22
14946,14,1,100.9
18172,14,20,7490.17
13184,14,10,1648.79
13332,14,1,350.9
15473,14,7,1465.2
16856,14,1,35.400000000000006
13589,14,2,379.65
17348,14,5,1159.52
16814,14,21,6500.6
15382,14,6,5927.86
15737,14,8,1121.21
15793,14,3,948.96
16719,14,7,1773.92
15872,14,2,360.93
13437,14,7,3408.06
15186,14,2,411.41
13525,14,2,628.78
17302,14,5,1119.93
13579,14,2,467.04
15117,14,5,1550.13
17329,14,2,523.11
15134,14,8,1387.99
18188,15,3,1998.49
14756,15,1,738.96
14591,15,4,1447.14
16824,15,2,460.64
16570,15,10,3622.95
15725,15,1,415.25
15594,15,5,1767.53
17516,15,5,768.08
16885,15,3,471.51
18184,15,1,49.8
14805,15,4,554.65
18161,15,5,1612.79
14607,15,14,11341.1
16482,15,1,220.62
13719,15,5,1041.68
13638,15,1,122.64
17727,15,1,1042.55
16157,15,3,644.24
15858,15,5,1438.85
16668,15,6,306.71999999999997
13588,15,9,2445.12
14709,15,13,4911.14
17671,15,4,1284.08
16566,15,5,614.01
16616,15,2,500.42
16609,15,7,5450.96
16596,15,2,250.15
15953,15,8,1634.53
17767,15,1,271.2
18130,15,3,1045.74
15632,15,8,3147.31
13207,15,2,250.26000000000002
16189,15,2,215.48
14987,15,2,326.4
17139,15,12,10585.57
17975,15,13,4393.61
15034,15,8,4277.66
15428,15,1,93.78
17096,15,4,992.6800000000001
13277,15,4,258.4
12937,15,4,1504.27
15482,15,12,6568.72
17323,15,7,908.99
15005,15,28,6180.49
17345,15,4,537.74
14539,15,2,537.48
16173,15,6,1406.57
17458,15,1,316.5
17228,15,8,1906.09
17133,15,7,4892.240000000001
17247,15,1,282.19
13995,15,5,1383.49
15270,15,7,2298.2
15502,15,12,5541.46
17410,16,5,1214.72
17700,16,4,2508.89
13899,16,2,388.52
17685,16,7,3191.53
15949,16,2,364.72
15916,16,8,1491.24
13448,16,6,3465.67
13831,16,6,2202.99
17725,16,11,3371.13
14675,16,1,604.75
14205,16,2,218.78
13650,16,6,1809.34
13644,16,4,2597.52
16020,16,3,851.01
14336,16,4,1614.91
16057,16,7,2140.2200000000003
16066,16,5,1521.87
13502,16,3,292.0
17809,16,12,4627.62
16079,16,3,1352.0
13174,16,3,2817.03
14334,16,8,2539.46
13018,16,28,7272.75
16653,16,2,1166.92
14099,16,11,3092.9700000000003
15901,16,3,363.88
17463,16,5,1881.36
16185,16,2,529.41
17469,16,5,1843.06
14049,16,4,5639.15
12948,16,7,2053.7
16900,16,3,187.6900000000001
17034,16,3,734.5699999999999
14790,16,4,745.06
13139,16,7,5055.79
13350,16,2,910.72
18084,16,1,87.52999999999999
17422,16,6,1853.1299999999999
14581,16,1,138.6
15398,16,2,1339.63
14020,16,2,642.8
16343,16,2,370.47999999999996
16255,16,8,2609.3
13742,16,12,3102.42
15393,16,2,231.86
16660,16,4,810.4499999999999
15253,16,5,915.3
15727,16,7,5178.96
14733,16,12,9451.54
16670,16,11,4022.46
14744,16,7,1088.53
15743,16,4,784.46
17135,16,7,1139.73
15814,16,4,1842.73
14467,17,4,598.76
14329,17,7,4928.74
14505,17,8,5818.7
18249,17,1,95.34
12920,17,1,164.23
14424,17,1,322.08
14515,17,6,2102.09
14297,17,4,1284.06
18139,17,6,8393.22
14506,17,5,2012.17
12936,17,4,1012.9
16311,17,2,616.26
16956,17,1,292.34
13681,17,4,827.83
16655,17,6,3794.52
13403,17,1,75.0
15845,17,8,3650.87
16722,17,13,4711.21
16748,17,5,1515.9
16633,17,6,2878.15
15699,17,1,309.65
15634,17,1,243.55
13322,17,1,199.48000000000002
14657,17,4,838.27
16985,17,10,5461.62
15497,17,2,1259.7
17073,17,4,1446.09
13363,17,2,992.5
17075,17,4,813.77
16607,17,14,3038.67
13456,17,6,1737.8200000000002
16261,17,4,746.83
16330,17,3,242.21
13569,17,2,373.75
16352,17,2,494.44
16164,17,3,802.53
16365,17,9,1540.42
15965,17,4,845.64
16128,17,5,1880.22
13499,17,5,1146.96
13488,17,13,8910.61
16532,17,3,6748.8
15977,17,2,1054.73
15971,17,12,4199.85
16107,17,7,3204.1600000000003
13268,17,11,3167.64
15150,17,10,5303.97
15106,17,5,1407.73
17338,17,8,6612.18
13986,17,1,320.46
17324,17,4,990.23
17453,17,2,486.71999999999997
15116,17,4,1352.75
13940,17,4,839.14
14834,17,6,1698.35
17500,17,3,1138.0
17519,17,6,1839.07
17371,17,3,423.89
17360,17,3,585.79
17659,17,12,2954.75
17155,17,2,251.70000000000002
14768,17,2,139.5
13247,17,4,501.12
17297,17,1,131.78
17600,17,1,161.67000000000002
13238,17,4,680.83
17759,17,3,834.99
17432,18,2,365.76
14551,18,2,186.23
16369,18,3,1553.66
17664,18,2,604.64
16366,18,1,327.3
17625,18,4,2047.0
16139,18,3,635.41
14300,18,1,43.2
14883,18,6,756.64
16406,18,1,163.07
17100,18,2,971.74
15105,18,7,2298.93
17227,18,6,939.32
17010,18,1,185.46
15527,18,8,2348.82
17253,18,1,178.26
14449,18,4,907.1
14447,18,5,1163.23
15179,18,5,2186.2
15645,18,1,612.01
15093,18,6,4410.14
18080,18,2,1231.5
15671,18,7,2635.4900000000002
15676,18,3,3324.09
15132,18,5,977.9300000000001
15738,18,16,4788.77
16713,18,15,6840.2300000000005
15115,18,1,340.11
15857,18,1,297.0
14482,18,6,2068.15
15163,18,2,304.47
14587,18,9,1598.24
15567,18,1,186.01
13189,18,2,260.68
13430,18,2,648.6899999999999
13673,18,2,396.92
13167,18,4,791.33
13739,18,1,216.9
13246,18,6,1922.1
13971,18,8,2702.2200000000003
13862,18,8,2187.31
12984,18,1,97.5
13282,18,3,1047.8400000000001
13823,18,2,957.66
12904,18,2,509.58
14030,18,8,2360.09
14198,18,4,663.5
17758,19,8,3456.7000000000003
17738,19,4,1863.35
16411,19,2,214.65
18040,19,2,357.20000000000005
14477,19,4,1307.81
13565,19,2,240.22
14359,19,3,882.58
15906,19,7,1521.79
15850,19,2,238.85
16212,19,2,681.19
14950,19,1,361.25
15919,19,2,639.89
15533,19,3,746.92
16533,19,3,1026.94
13212,19,3,780.58
14664,19,2,637.89
15044,19,17,7629.38
16506,19,2,90.30000000000001
15745,19,4,1071.24
13988,19,6,4098.8
16464,19,3,1314.68
14984,19,2,213.27
16399,19,2,408.57
14553,19,5,859.27
14116,19,5,1382.74
13200,19,4,870.09
17384,19,2,336.4
13832,19,1,40.949999999999996
14052,19,1,225.36
16762,19,3,1501.38
13118,19,5,1125.0
17555,19,2,483.26
17561,19,1,167.62
16784,19,1,107.6
14860,19,1,168.62
13142,19,1,307.09
15426,19,5,1429.9
17425,19,2,759.17
14525,19,9,4221.37
17387,19,2,784.11
16710,19,10,2483.04
15465,19,18,6945.0199999999995
15988,19,1,158.03
14881,19,1,255.4
16666,19,1,118.98
14159,19,11,4678.3
15963,19,2,470.76
18127,19,3,348.73
14157,19,2,400.43
17636,19,1,265.93
14502,19,11,2351.02
13427,19,3,582.6
18110,19,1,206.05
14595,19,6,1740.6
13941,21,5,4912.41
16350,21,4,1100.47
17159,21,3,1534.73
13516,21,3,1389.41
17650,21,1,166.08
15933,21,3,1107.46
13094,21,12,1708.8600000000001
14434,21,6,1372.8
17163,21,2,293.1
13960,21,2,230.22
16134,21,2,603.69
17286,21,1,153.92
13962,21,2,169.55
16279,21,3,1496.68
17301,21,1,197.63
17779,21,3,642.17
15088,21,2,1140.27
16293,21,10,2236.7400000000002
14593,21,3,617.99
17621,21,3,1336.1
14641,21,1,110.46
17760,21,2,287.59
13171,21,3,426.81
16414,21,2,126.25
13117,21,8,984.91
18061,21,10,2119.41
13880,21,13,3219.77
15530,21,4,1502.35
18034,21,2,422.88
14820,21,4,507.29
14342,21,4,607.71
16511,21,3,950.26
17063,21,7,1421.59
15494,21,2,1299.23
16924,21,3,739.5
16463,21,4,1383.7
14793,21,1,214.14
16945,21,19,4345.5
17904,21,1,178.92
14903,21,5,2744.48
15368,21,1,446.94000000000005
14285,21,4,1910.01
17888,21,8,525.78
14849,21,25,7904.28
15489,22,3,1090.03
17397,22,2,696.41
16656,22,15,8568.24
13160,22,1,91.8
14508,22,2,276.42
16638,22,10,1676.47
14332,22,3,866.31
15081,22,5,487.35
12847,22,1,871.54
17613,22,14,4509.37
16871,22,6,2761.4900000000002
16869,22,4,805.62
16009,22,4,992.71
16186,22,12,3991.94
15435,22,1,149.29
14034,22,3,512.02
18221,22,5,1033.31
13138,22,6,962.39
13871,22,13,6389.8
15124,22,2,184.19
17461,22,3,757.46
16070,22,2,852.15
15983,22,4,1475.02
15287,22,2,485.24
14112,22,7,2774.17
16042,22,5,1147.37
17797,22,3,780.43
16531,22,7,1244.59
17985,22,1,634.95
16298,22,3,598.2
13028,22,2,659.68
15267,22,5,1717.36
17080,22,2,285.5
15811,22,6,2171.32
13308,22,3,1367.6100000000001
15529,22,11,3967.78
17799,22,10,3026.08
12997,22,4,1197.94
17095,22,3,1088.2
17330,22,2,363.9
13828,22,1,209.49
17147,22,4,1679.64
14362,22,1,161.2
15864,22,6,1769.7800000000002
15657,22,1,30.0
17716,22,11,5505.79
14234,22,4,775.46
14416,22,2,490.22
13313,22,5,1555.32
15506,22,3,979.26
15563,22,4,1319.69
13500,23,3,1136.77
13131,23,3,1039.3
16469,23,4,650.43
16085,23,5,981.51
14851,23,2,511.35
16809,23,5,912.74
17198,23,3,692.22
15110,23,4,970.25
16804,23,3,536.99
17368,23,8,1349.52
15051,23,3,1391.61
13447,23,3,1104.23
17377,23,20,3925.92
14626,23,4,2757.07
16245,23,3,1352.3600000000001
14898,23,6,1228.32
13449,23,1,291.88
16717,23,6,3278.36
16204,23,1,405.71
14057,23,17,6147.4
13575,23,5,732.0699999999999
16999,23,2,484.82
16669,23,3,1370.8700000000001
14948,23,6,1066.57
16855,23,2,328.4
16916,23,2,576.26
13285,23,4,2709.12
14286,23,3,4595.81
17896,23,1,256.32
12993,23,4,414.76
14426,23,10,3918.9
15900,23,1,351.11
13926,23,1,223.85000000000002
13629,23,11,7792.36
17680,23,1,184.4
13894,23,3,535.97
12910,23,8,3075.04
14507,23,6,1368.18
15967,23,2,418.83
12991,23,2,503.76
16008,23,3,478.78
13939,23,3,556.75
18006,23,1,444.68
15269,23,1,408.8
15584,23,4,722.61
15805,23,17,5452.17
18246,23,2,596.1
18167,23,3,1355.51
17549,23,2,148.86
18075,23,10,2538.7200000000003
15432,23,1,171.19
17596,23,7,2827.93
18059,23,3,296.71
17777,24,3,665.86
15758,24,1,205.25
13236,24,2,727.27
14666,24,1,195.25
15419,24,1,135.86
16341,24,4,1959.38
13735,24,4,2766.18
17314,24,8,2514.76
15720,24,1,598.73
18259,24,3,2338.6000000000004
12933,24,3,606.28
17153,24,1,213.78
17220,24,14,3198.25
15524,24,1,440.0
18181,24,1,382.8
13455,24,2,1007.35
12890,24,1,380.46999999999997
16557,24,2,281.85
15556,24,1,279.77
17974,24,3,740.79
15582,24,3,682.9100000000001
15679,24,4,781.28
12883,24,4,703.47
18123,24,2,589.4399999999999
13846,24,3,847.61
14715,24,4,867.38
14714,24,1,160.19
16423,24,1,346.12
18043,24,3,559.51
14725,24,1,718.08
13410,24,5,988.91
13632,24,5,2117.02
14640,24,6,2042.15
17510,24,1,308.48
17540,24,2,570.4
14544,24,2,2024.45
17564,24,3,454.01
13614,24,4,1610.46
14533,24,7,1812.6200000000001
13066,24,2,430.9
14522,24,4,974.54
13058,24,3,271.40000000000003
15981,24,8,3408.48
15955,24,14,4389.81
16240,24,2,3693.81
13692,24,3,1466.8700000000001
17357,24,2,388.14
14853,24,2,463.05
14953,25,1,289.82
15058,25,11,2124.9900000000002
18211,25,5,600.07
15660,25,9,1552.01
17538,25,1,98.42
17658,25,2,485.88
15458,25,1,161.64
16303,25,3,5305.83
17081,25,2,290.16
13577,25,4,1658.3
16478,25,3,331.0
16504,25,1,484.38
15050,25,3,1727.17
15781,25,3,333.56
16519,25,2,215.07999999999998
17044,25,1,897.4300000000001
15532,25,4,1517.08
14530,25,6,2925.91
15203,25,6,1827.8
18117,25,1,320.72
15291,25,15,4596.51
13835,25,4,834.57
15125,25,15,11117.05
18082,25,1,703.37
17793,25,1,323.04
16936,25,1,262.68
17663,25,7,1788.27
16207,25,1,394.38
17652,25,12,4737.13
14902,25,1,314.11
18263,25,3,1211.08
14684,25,5,1236.28
14862,25,2,841.1999999999999
14494,25,1,139.56
15168,25,1,106.56
15365,25,7,1330.45
17235,25,2,550.06
15863,25,2,68.84
15681,25,5,946.36
12938,25,1,114.14
13549,25,7,916.12
13603,26,1,164.34
13700,26,10,2265.12
17041,26,3,1065.77
16560,26,2,816.51
14661,26,1,107.95
16571,26,3,1285.22
13178,26,11,5725.47
14227,26,10,3315.71
13450,26,6,2043.7199999999998
12867,26,7,3986.22
14382,26,1,626.0699999999999
18069,26,5,2021.82
17211,26,8,2299.67
13451,26,5,2916.45
13379,26,3,572.56
16930,26,3,380.55
15787,26,3,948.05
13146,26,1,228.91
14044,26,4,652.82
16898,26,3,444.46
16416,26,3,1026.99
14487,26,6,1183.58
16720,26,1,155.24
15449,26,3,971.22
16726,26,5,1382.02
14499,26,3,815.32
13170,26,1,116.00999999999999
15429,26,2,364.90000000000003
14784,26,2,289.99
17838,26,5,2312.7
14882,26,2,589.7
15411,26,4,1346.38
13892,26,4,632.97
17720,26,4,1195.94
13984,26,5,488.03
17287,26,7,1064.11
17790,26,14,1965.55
15599,26,2,761.74
15492,28,2,659.4599999999999
14035,28,5,1428.02
16912,28,11,2528.67
16671,28,3,1692.27
18209,28,1,139.10000000000002
14789,28,1,197.64
17512,28,10,2920.04
14543,28,16,2916.17
14662,28,4,771.17
17052,28,1,413.75
17162,28,10,1707.21
16433,28,1,184.26
16386,28,2,317.2
13895,28,4,2588.12
16460,28,3,814.72
17088,28,4,1991.01
15608,28,4,1093.68
13732,28,1,491.86
17071,28,9,2385.48
13557,28,2,584.06
17054,28,5,1353.83
17069,28,9,2655.2200000000003
15557,28,1,473.65000000000003
17015,28,3,1842.56
18014,28,1,166.42
13727,28,2,333.48
13310,28,3,1083.63
17295,28,3,556.95
16332,28,7,1583.2
13091,28,1,319.82
14226,28,5,2201.64
17191,28,7,2095.13
15692,28,1,191.04
13983,29,12,2590.46
16025,29,1,439.65999999999997
15111,29,3,1567.48
14863,29,1,266.76
16743,29,7,2191.84
16628,29,5,2183.04
16434,29,7,1522.25
15289,29,3,935.1
15452,29,3,538.73
13396,29,2,1325.29
15463,29,1,126.14
15184,29,2,406.76
16003,29,5,2735.37
13460,29,2,183.44
14944,29,12,5842.95
13606,29,3,280.53999999999996
16126,29,4,6287.77
16218,29,7,3054.87
15238,29,3,1056.54
15355,29,2,277.05
14064,29,5,1188.32
17537,29,2,897.62
16907,29,5,981.65
16903,29,1,373.24
17901,29,1,110.38
17932,29,3,1331.57
12981,29,2,372.21999999999997
17059,29,5,3095.04
14748,29,5,1311.79
17977,29,1,288.14
17791,29,1,106.1
17521,29,3,721.9599999999999
13148,29,12,3348.48
18125,29,4,1141.34
14829,29,4,644.65
18135,29,5,681.9100000000001
17109,29,6,869.6800000000001
14765,29,3,254.11
17197,29,1,1013.01
16791,29,7,1706.28
16986,29,2,1873.2
18236,29,6,882.24
18217,29,2,621.75
17416,29,7,6838.34
17573,29,3,362.9
14466,29,7,2272.4
14712,29,3,917.07
12844,29,2,325.96000000000004
17340,29,11,11891.18
17011,30,1,270.9
16996,30,6,1427.46
13046,30,2,629.31
17038,30,1,112.4
15986,30,1,168.12
16767,30,11,5580.6
16516,30,1,101.69999999999999
16041,30,3,3166.4
13992,30,1,76.8
14968,30,1,147.59
13623,30,5,672.44
16205,30,4,761.38
13209,30,8,5820.16
14108,30,2,594.16
15027,30,4,1051.95
14691,30,5,2114.33
14188,30,6,2018.91
15114,30,10,2760.56
14921,30,2,1316.07
17690,30,15,4748.45
14284,30,2,578.45
13384,30,7,4122.28
16751,30,1,1764.72
15450,30,1,429.84
15485,30,3,2575.0
12893,30,1,188.14
16880,30,7,1519.08
13029,30,3,1247.5
14240,30,2,890.34
17867,30,6,622.75
17865,30,20,10158.54
12949,30,8,4143.02
13804,30,7,2635.79
16953,30,1,20.8
17702,30,4,1719.72
14214,30,5,1000.23
13522,30,1,125.80000000000001
17637,31,2,547.0600000000001
13643,31,3,519.44
13867,31,3,1015.29
15406,31,2,426.61
14676,31,6,2543.2400000000002
15043,31,1,537.0
13047,31,10,3079.1
15950,31,4,1705.26
17219,31,1,114.23
17289,31,3,936.16
18216,31,1,481.75
13975,31,6,2503.23
17313,31,1,2288.13
13695,31,15,2504.13
16284,31,2,823.97
18177,31,6,1314.17
12849,31,2,1050.8899999999999
15763,31,2,1048.67
14524,31,9,1867.68
14360,31,4,2128.23
15103,31,2,703.36
13710,31,1,180.48
13110,31,7,1452.8700000000001
12990,31,3,409.5
15153,31,1,329.25
15573,31,2,607.45
17964,31,2,471.7
15249,31,13,6657.36
15957,31,1,428.89
17886,31,3,899.61
17633,31,4,1242.34
16187,31,15,6841.24
17515,31,4,639.02
16863,31,2,481.35
16639,31,3,1169.38
16505,31,1,777.6
16837,31,11,3167.73
16732,31,1,603.75
13272,31,2,276.56
16618,31,5,2630.64
14050,31,2,746.36
17160,31,6,3518.03
17022,31,1,71.0
15356,31,10,2766.5
13381,31,6,3626.81
13329,31,2,740.4
14073,32,1,139.54
13097,32,10,5893.32
14080,32,1,45.599999999999994
18150,32,3,566.58
16053,32,2,1511.95
13717,32,6,1432.26
14623,32,5,869.35
15785,32,5,2303.75
15493,32,5,1967.25
14387,32,3,1770.56
18016,32,5,1483.56
13824,32,5,1698.94
17430,32,2,265.76
15522,32,2,398.84
17164,32,7,2466.4
17623,32,1,527.0500000000001
16637,32,4,1124.59
17043,32,4,1735.18
17158,32,3,1266.97
16348,32,7,1469.45
18036,32,3,405.62
15870,32,1,354.09000000000003
16612,32,4,1187.66
15330,32,2,714.96
14700,32,3,2235.3
16362,32,5,652.07
14929,32,1,223.88
15719,32,13,5043.96
17761,32,1,712.78
15618,32,4,747.031
12832,32,2,383.03
17831,33,1,35.400000000000006
15839,33,3,1020.74
15513,33,19,14520.08
15526,33,2,148.44
15696,33,8,2644.46
16676,33,4,1558.72
16771,33,5,2246.81
13759,33,2,659.4100000000001
13772,33,3,1132.13
13634,33,5,1575.16
17608,33,2,193.42
14404,33,6,1434.72
15952,33,4,806.57
14517,33,2,330.45
14174,33,1,134.46
16372,33,2,367.93
16488,33,3,492.2
17082,33,2,2003.85
16243,33,2,409.1
13365,33,2,2191.22
16445,33,1,230.51
15427,33,3,1483.14
13532,33,1,210.31
14039,33,1,152.2
16357,33,3,658.88
15407,33,4,1056.44
13527,33,7,2263.76
17107,33,6,10380.43
12838,33,2,683.13
15025,33,1,377.01
13523,33,5,3755.38
15017,33,1,125.58
16466,33,7,1603.46
13155,33,4,971.76
18170,33,3,980.31
13651,35,2,94.2
17274,35,1,111.97999999999999
15597,35,1,315.71999999999997
16318,35,1,328.15
17233,35,1,190.88
13592,35,4,247.95999999999998
17203,35,6,3563.85
12928,35,5,2062.7000000000003
14913,35,4,1227.43
16887,35,1,194.88
17703,35,3,798.74
15707,35,4,945.58
12944,35,2,604.51
17193,35,7,1674.46
15010,35,1,308.94
15722,35,5,2181.21
17930,35,5,1740.48
13938,35,1,71.66
16555,35,2,285.89
16012,35,3,1415.29
18035,35,3,730.4
14971,35,3,1116.57
14150,35,2,658.64
14592,35,3,570.46
17084,35,2,2949.75
17979,35,4,737.81
18022,35,1,668.11
17076,36,3,841.0799999999999
16337,36,1,151.05
16841,36,6,1774.62
13168,36,4,1310.14
16914,36,1,208.46
15227,36,5,1219.4
14636,36,2,609.85
17442,36,6,2210.2599999999998
17403,36,1,281.62
15809,36,5,399.21
13324,36,10,7072.8
14856,36,3,1311.3799999999999
13721,36,1,524.14
18081,36,3,343.45
13728,36,6,1016.14
17078,36,2,378.2
16409,36,5,2028.88
16221,36,3,864.86
15605,36,5,1198.23
18205,36,2,517.36
15252,36,2,740.78
13636,36,5,941.62
15998,36,5,3084.17
14098,36,1,147.35
15651,36,3,646.3
17634,36,9,2361.9700000000003
15612,36,2,195.15
17816,36,4,36.56
17653,36,4,1175.88
15551,36,1,436.06
16602,36,1,494.72999999999996
14815,36,2,778.5
17351,36,3,587.15
18105,37,1,113.48000000000002
17947,37,1,176.68
17965,37,14,2622.57
12830,37,6,6748.4
15576,37,1,940.6700000000001
15275,37,1,609.19
18104,37,1,754.64
18164,37,1,394.7
16747,37,2,826.96
16706,37,3,531.35
16884,37,2,429.84000000000003
17966,37,5,1098.43
17999,37,2,382.06
16367,37,2,804.49
13316,37,4,5815.49
14528,37,1,364.21999999999997
17800,37,9,1199.01
16014,37,3,653.13
13477,37,6,1441.53
16308,37,4,2560.0
13904,37,2,332.64
15830,37,1,547.7
13271,37,1,178.26
16043,37,4,773.99
14974,37,1,114.39
15065,37,4,3135.98
17719,37,15,5367.8
13726,38,2,1079.6599999999999
14383,38,3,1247.69
16729,38,21,7076.28
13292,38,2,578.9399999999999
16830,38,1,325.91
14995,38,2,233.23000000000002
16825,38,2,775.1800000000001
15423,38,1,43.5
17166,38,2,189.49
18270,38,2,238.95000000000002
15018,38,3,456.26
14345,38,1,108.97999999999999
13461,38,3,1445.0
13697,38,1,151.29999999999998
17733,38,2,692.19
16971,38,1,232.20999999999998
15847,38,2,389.27
16960,38,3,507.05
13327,38,8,3617.57
14485,38,1,165.75
17696,38,8,2201.05
15667,39,1,301.32
13544,39,2,291.41
15752,39,7,2628.93
14167,39,4,574.84
16127,39,1,656.25
13145,39,4,614.77
16969,39,3,650.41
13186,39,3,1539.69
16836,39,2,251.87
18257,39,8,2265.38
17396,39,8,7330.8
13982,39,4,1861.11
13103,39,1,243.94
12909,39,5,2128.83
16018,39,2,408.90000000000003
17951,39,3,990.8400000000001
15974,39,7,3429.55
15329,39,3,1005.5
15360,39,1,427.93
14808,39,8,2175.37
15478,40,2,1441.42
13566,40,2,874.71
15059,40,9,1325.82
14040,40,12,3542.19
13278,40,1,542.73
13524,40,5,680.1800000000001
15748,40,1,149.31
17255,40,2,298.41
17213,40,7,2741.08
14295,40,1,154.70000000000002
15370,40,7,2360.55
15376,40,3,1233.3600000000001
15385,40,1,316.88
15708,40,7,3329.7200000000003
17796,40,4,697.9
16601,40,1,244.79999999999998
17372,40,8,1342.68
17609,40,5,1103.92
14810,40,11,2087.88
13421,40,2,1848.98
14077,40,5,499.41999999999996
14179,40,2,719.78
15865,40,3,895.13
16049,40,3,1111.79
17447,40,2,541.53
13617,40,3,544.18
13607,40,1,678.01
16235,40,5,858.41
15521,40,8,2574.65
14582,40,1,114.11
15669,40,4,677.69
17373,40,4,646.92
15860,40,8,977.21
18067,40,1,396.33
16190,40,1,215.08
17018,40,2,920.1
14158,40,1,507.66
17839,42,1,338.8
17669,42,7,3406.7200000000003
16554,42,3,641.55
17837,42,8,1560.53
17272,42,4,2144.53
16843,42,16,10183.82
16102,42,3,1842.14
16150,42,5,1906.07
17418,42,2,463.46000000000004
16648,42,1,270.85999999999996
12895,42,2,347.3
18287,42,3,1837.28
14738,42,7,1289.94
14221,42,9,3427.85
15096,42,1,219.39000000000001
14218,42,1,169.48000000000002
14412,42,2,761.3299999999999
13993,42,9,3409.66
14498,42,5,1957.32
14232,42,5,2043.93
16232,43,4,983.23
14716,43,2,329.68
13538,43,7,1280.85
16680,43,1,183.7
16847,43,1,193.44
15659,43,1,306.45
15014,43,2,260.17
14752,43,1,389.64
17545,43,3,645.96
17459,43,2,657.3
15791,43,2,1604.44
17414,43,2,778.0
13416,43,2,712.5
14004,43,7,4582.64
15288,43,5,2306.52
16026,43,1,236.09
18261,43,2,324.24
18276,43,1,323.36
17684,43,1,239.41
17878,43,1,379.45
14842,43,4,2456.8
13654,43,6,2707.33
14239,43,11,2323.5
14357,43,1,225.77
15622,43,9,3224.53
16418,44,3,675.27
15835,44,4,954.09
16071,44,1,326.24
14379,44,2,348.1
16750,44,5,623.93
14754,44,2,638.05
15821,44,2,570.96
14315,44,6,2456.98
17895,44,1,98.0
15990,44,2,792.11
15516,44,3,62.43
18226,44,11,5192.1
15320,44,1,267.13
16415,44,1,210.35
17470,44,5,1125.07
17712,44,1,522.91
15240,44,5,1685.57
16225,44,5,1096.32
17175,44,4,1430.94
13107,44,4,1524.07
12879,44,3,552.5699999999999
14690,44,2,358.61
16208,44,2,664.26
16345,44,1,575.41
16188,44,4,981.86
14598,44,1,221.97
14001,45,3,2030.3300000000002
18147,45,2,179.33999999999997
18079,45,4,3651.97
16056,45,1,664.85
17024,45,3,95.85
13340,45,7,10736.48
16258,45,5,5203.51
13652,45,3,1095.08
15345,45,1,367.69
16708,45,1,656.63
13481,45,5,1776.81
14341,45,8,2166.38
15656,45,4,748.5
15158,45,1,401.40000000000003
17928,45,2,212.54
16110,45,3,1337.48
17917,45,3,341.28
18045,45,1,189.4
13601,45,2,693.32
13182,45,1,121.18
15630,45,2,1180.4
16444,46,4,638.77
18240,46,1,422.58
15801,46,3,1042.19
15806,46,3,784.58
16023,46,3,719.81
15215,46,3,615.99
15277,46,1,255.89999999999998
15592,46,1,388.58
13165,46,2,1021.48
15142,46,1,498.74
14145,46,4,3148.2
14764,46,1,250.55
16325,46,3,510.54
17317,46,3,2524.02
17004,46,2,1412.94
16019,46,9,3450.2400000000002
14312,46,6,1611.59
17423,46,2,663.63
14019,46,3,1398.96
14997,46,3,540.98
17186,46,2,144.0
16728,46,4,1054.67
15786,46,3,4834.2
15068,46,2,553.36
17344,46,1,160.57
13176,46,1,492.84
15844,46,1,130.73999999999998
16491,46,1,731.5
14139,46,1,415.82
14474,46,1,537.71
13598,47,1,167.42000000000002
17836,47,1,110.21000000000001
16017,47,1,211.88
16768,47,3,458.04
14504,47,4,673.26
17111,47,1,248.61
14800,47,12,4236.34
16007,47,4,1701.94
15000,47,1,490.52
14731,47,3,380.02
16686,47,7,3043.48
17940,49,10,1983.5800000000002
13918,49,2,1212.8400000000001
13917,49,2,272.04
16918,49,6,1043.34
13974,49,1,413.59000000000003
15677,49,1,657.23
13157,49,4,1721.57
17361,49,3,488.2
16153,49,5,1824.23
15819,49,4,1905.45
15740,49,1,154.88
17832,49,1,155.37
14233,49,4,1447.51
13725,49,8,1809.81
16497,49,6,2965.69
14967,49,1,463.8
15286,49,1,240.55
18149,50,3,612.0799999999999
13366,50,1,56.160000000000004
15587,50,4,913.6800000000001
15565,50,2,173.16
15664,50,1,358.63
14261,50,2,1163.45
13897,50,1,311.16
17354,50,1,1393.06
14638,50,1,443.6
14631,50,3,1006.98
17420,50,3,598.83
14484,50,1,321.92
15807,50,3,903.9
14585,50,1,157.05
13761,50,2,1070.65
16846,50,1,214.32
15836,50,1,117.47
17571,50,4,1498.51
16099,50,3,731.9
17092,50,4,1777.78
16170,50,6,1880.4199999999998
18252,50,2,526.67
16177,50,1,331.95
15469,50,2,504.5
14427,50,2,363.34000000000003
15301,50,12,5028.12
17764,50,2,818.8199999999999
15296,50,6,3610.31
17125,50,1,259.35
17007,50,6,877.4300000000001
15129,50,11,3447.4
13573,50,2,294.4
17672,50,2,3106.62
15121,50,2,457.72
14923,50,1,749.1
13245,50,1,430.5
16593,50,3,330.03
13669,50,2,218.55
16260,50,1,1035.45
14495,50,2,123.8
17973,51,1,337.04
18019,51,1,38.45
14107,51,7,2688.48
13849,51,2,1537.95
16826,51,1,341.7
15468,51,2,438.46
15610,51,1,112.46000000000001
15754,51,3,455.67
14229,51,3,1450.6
15853,51,1,110.8
14306,51,2,2083.42
16123,51,1,307.78
17824,51,1,298.4
13491,51,10,1215.82
15006,51,1,502.09
14776,51,11,2195.58
17148,51,1,124.88
17934,51,2,704.25
14273,51,4,559.97
16470,51,4,757.44
16621,51,4,813.48
16131,51,6,3506.54
15220,51,6,1758.92
15803,51,1,415.82000000000005
14799,51,1,157.7
15637,52,1,223.36
15327,52,1,208.75
13594,52,1,396.97
12863,52,1,504.2
13032,52,2,996.52
16848,52,1,281.42
16249,52,5,1800.07
17679,52,2,1992.1100000000001
16940,52,3,3049.88
14861,52,1,125.79
14798,52,3,173.74
14015,52,1,917.34
13805,52,2,924.6
15140,52,7,2350.0
13637,52,3,810.5
15505,52,5,3497.14
16515,52,5,1627.13
15604,52,1,216.39
16730,52,3,702.79
14639,52,6,2952.34
16734,52,3,650.51
17262,52,5,1253.3600000000001
14381,52,1,202.68
15678,52,1,352.7
16737,53,1,417.59999999999997
18042,53,1,165.04999999999998
13750,53,5,1647.26
14211,53,9,2208.3
17785,53,1,131.94
14841,53,6,3295.76
17520,53,1,546.81
17527,53,4,888.86
17534,53,1,223.36
15066,53,1,760.59
16563,53,1,1077.74
15012,53,2,423.04
16542,53,1,119.62
13923,53,1,351.13
16363,53,1,109.36000000000001
14443,53,4,1400.88
16412,53,1,151.83
16389,53,4,1362.27
17612,53,6,1992.76
17734,53,3,700.63
13015,53,5,3346.28
17205,53,1,384.08
15598,53,1,235.68
13875,53,5,1786.79
17201,53,1,342.63
13265,53,5,2107.66
16932,53,1,161.94
14830,53,1,197.13
17244,53,1,954.9
15335,53,1,173.97
17206,53,1,204.24
13760,54,2,286.79
16206,54,4,537.0600000000001
15994,54,1,427.07
16674,54,2,319.61
16934,54,2,950.9300000000001
13034,54,2,642.77
14780,54,2,447.68
15440,54,3,383.68
16052,54,1,362.06
12940,54,2,876.29
15545,54,2,292.71999999999997
13878,54,1,1281.53
14567,56,2,1524.46
17986,56,1,20.8
16081,56,5,2806.9
18228,56,2,769.2
13213,56,5,1518.43
13136,56,5,2545.38
16394,56,5,1412.06
15826,56,3,1649.3600000000001
16413,56,1,262.2
15620,56,3,1524.4
14089,56,1,161.0
17892,56,3,244.1
17771,56,2,245.81
17180,56,4,780.38
16950,56,3,1178.56
13006,56,1,81.57
16239,56,2,372.9
14624,57,2,225.85
17279,57,1,187.82999999999998
13853,57,1,1056.94
16121,57,2,867.11
16430,57,1,300.85
16793,57,1,243.84
17614,57,1,390.07
13487,57,3,575.4
14555,57,2,324.14
15367,57,4,1867.69
17169,57,2,816.88
18160,57,2,638.0600000000001
13911,57,9,2580.91
14975,57,1,279.94
17181,57,2,239.92000000000002
13858,57,1,216.17
14976,57,7,765.86
15272,57,2,721.94
13930,57,2,337.34
16773,57,1,171.59
14537,57,1,355.56
14421,57,2,813.11
17509,57,8,6100.74
16224,57,4,1295.3
13827,57,3,412.05
16770,57,5,744.9
14541,58,8,1461.65
17064,58,3,859.35
18171,58,5,1208.51
18277,58,1,97.63
14775,58,3,1011.9
16203,58,4,589.15
16652,58,7,6654.26
15038,58,6,665.59
13464,58,1,674.68
15421,58,4,950.36
13865,58,4,501.56
13842,58,9,3385.62
17913,58,2,411.6
17190,58,2,249.74
15831,58,3,747.76
14852,58,6,2836.69
13208,58,6,1205.9
15840,58,2,345.66
17489,58,2,376.64
14761,58,2,255.9
14642,58,1,96.12
15281,58,9,2239.9500000000003
16753,58,1,223.92000000000002
14952,59,11,7912.79
13627,59,5,1624.02
14175,59,3,3108.06
17863,59,6,3160.0
13690,59,1,172.25
13109,59,2,766.84
17620,59,1,81.44
16861,59,2,151.65
12824,59,1,397.12
16120,59,4,1294.14
13283,59,2,93.66
15199,59,4,1268.7
13517,59,3,2109.07
16136,59,3,709.38
14857,59,2,1165.65
12836,59,4,2612.86
16171,59,1,73.2
16086,59,5,1119.31
14665,60,5,1258.38
13352,60,1,389.28
16385,60,3,555.89
16982,60,1,384.06
15211,60,2,894.4100000000001
15193,60,1,499.32
13473,60,2,417.54
16179,60,1,215.83
17552,60,4,909.96
17214,60,6,984.12
14128,60,2,637.5
13666,60,3,84.65
15886,60,1,181.09
18126,60,1,206.82999999999998
13980,60,1,200.14
18169,60,1,202.65
16776,60,1,388.28
15553,60,1,437.23
13373,60,3,3312.25
14027,60,1,104.82
14535,60,3,2841.09
17462,60,2,662.94
14201,60,7,688.04
17025,60,3,357.77
14529,60,3,620.04
13224,60,2,2150.85
17589,60,4,2404.17
14451,60,2,662.59
16395,60,5,1486.9
17648,60,4,1789.55
17284,60,6,1641.68
15304,60,8,680.3
15128,60,4,1419.54
13259,61,1,292.32
18088,61,1,167.67000000000002
16595,61,1,360.16
13193,61,1,117.88
16248,61,1,152.94
14514,61,3,1055.35
15756,61,4,532.96
13260,61,1,557.62
15606,61,9,2422.64
14801,61,1,193.14
16380,61,1,1780.59
16518,61,2,480.92
16921,61,1,169.79
16685,61,2,324.24
16104,61,1,302.36
16354,63,2,395.8
16455,63,7,1841.18
14067,63,2,374.7
16477,63,7,2494.46
17030,63,1,146.87
13276,63,2,590.9300000000001
13876,63,1,122.7
13806,63,1,256.38
13587,63,1,347.0
13359,63,1,431.26
13763,63,1,1689.46
13419,63,1,221.06
14844,63,4,3189.81
15706,63,4,1001.8100000000001
14029,63,2,467.66
15815,63,5,2100.6
15874,63,7,4330.67
12885,63,3,1158.27
13169,63,2,712.88
18136,63,3,761.83
13689,63,1,910.0
15306,64,3,1174.35
14819,64,2,272.07
13845,64,1,312.98
14257,64,5,3087.27
14317,64,1,508.58000000000004
14538,64,2,388.25
12939,64,8,11581.8
14959,64,4,684.97
15300,64,1,496.44
13602,64,1,428.89
15837,64,1,391.98
13422,64,1,2601.55
14518,64,1,174.37
13177,64,1,282.45
16184,64,6,1155.54
15518,64,8,1911.89
15416,64,4,3974.37
17921,64,4,826.52
13771,64,4,2631.7
15264,64,1,393.74
16316,64,8,2755.56
15315,64,2,551.54
15937,64,1,145.35
13049,64,2,656.6800000000001
13504,64,1,295.93
12923,64,1,176.97
13591,64,3,1117.13
13348,64,1,233.76
16895,64,1,219.14
13023,64,2,689.9
16432,64,1,287.4
15766,64,1,315.06
15127,65,1,406.53
14396,65,2,487.99
15757,65,2,714.42
13483,65,1,140.34
16140,65,2,703.77
15762,65,2,583.75
17222,65,1,354.15
16040,65,3,1313.55
13989,65,2,1266.08
16160,65,2,1009.4499999999999
18033,65,1,97.97
16059,65,6,1459.8600000000001
15730,65,3,1108.38
15244,65,2,631.57
17483,65,3,414.04
14389,65,2,999.72
16758,65,1,369.34000000000003
17647,65,1,133.06
13947,65,1,90.6
16106,65,1,108.38
16803,65,1,332.3
17382,65,1,65.4
12843,65,8,1680.76
14054,65,1,92.46
15048,65,4,380.57
15181,66,3,680.28
16556,66,7,3313.79
16881,66,1,432.0
14462,66,11,1965.9
16882,66,3,705.12
17957,66,1,111.68
13552,66,12,3539.53
15255,66,1,890.85
16374,66,2,473.03000000000003
13317,66,6,2140.07
16253,66,2,3665.62
17667,66,5,2055.51
13351,66,1,373.94
14184,66,1,452.89
15276,66,1,135.31
15339,66,2,557.57
13801,66,1,324.8
15241,66,8,1738.59
13792,66,2,195.55
15739,66,1,449.12
15228,66,4,3376.96
12886,67,2,1351.09
14644,67,2,780.46
16875,67,5,2023.47
15930,67,1,426.63
15091,67,1,476.96
16774,67,4,654.92
14193,67,2,853.39
14333,67,1,351.45
18116,67,8,1418.03
16183,67,1,338.71000000000004
15299,67,7,3787.09
13431,67,2,1269.1
13635,67,1,1071.03
14651,67,2,654.6
13344,67,3,2543.72
14488,67,1,1047.43
16441,67,2,381.2
15164,68,3,843.05
16591,68,1,213.5
15774,68,1,270.8
15579,68,2,348.6
16667,68,2,570.13
14970,68,4,1592.06
16693,68,2,482.01
13347,70,1,341.36
13972,70,2,190.25
12822,70,2,918.98
16101,70,1,1245.96
18053,70,1,297.07
18008,70,9,2116.19
15321,70,3,2650.73
14164,70,2,1631.77
16613,70,1,618.59
14916,70,4,1264.84
13764,70,3,1521.76
16404,70,1,443.05
15834,70,4,2084.9
12842,70,2,1118.99
15185,70,1,310.62
15593,70,1,199.8
17376,70,2,203.2
13095,70,1,74.39999999999999
13092,70,5,459.83
16233,71,3,422.13
18192,71,1,957.97
14305,71,3,1803.76
16650,71,1,518.42
17427,71,1,100.8
15175,71,1,224.14
13741,71,3,666.33
17572,71,4,226.75000000000003
13886,71,1,243.56
14475,71,3,799.82
18204,71,3,1979.3
17894,71,8,1119.81
18235,71,3,1796.48
16589,71,3,459.24
16268,71,2,667.65
13364,71,1,0.0
13503,71,1,216.85
17724,71,3,995.6500000000001
15062,71,4,987.86
15030,71,2,518.28
17819,71,7,3661.0699999999997
14409,71,6,1908.25
17905,71,4,800.24
14681,71,3,498.95
16574,71,1,451.44
13354,71,1,743.53
13515,72,4,891.12
17783,72,2,283.47
14609,72,4,601.56
14109,72,1,80.2
15036,72,3,465.55
18265,72,2,801.51
15348,72,1,158.04
17370,72,4,446.18
16281,72,1,2062.06
16182,72,4,6617.65
13397,72,5,1539.18
18242,72,4,2232.4900000000002
13901,72,5,2867.2
16909,72,1,364.14
16690,72,2,208.63
14978,72,5,1931.42
15841,72,4,1209.1
16681,72,6,1770.34
17950,72,3,472.12
14947,72,2,290.82
13321,72,2,567.36
13061,72,1,248.61
17513,72,1,513.2
18278,73,1,173.9
17788,73,2,1117.9
17591,73,7,2215.02
14272,73,2,437.96
14818,73,3,657.8
13035,73,2,886.63
12987,73,2,545.0
13555,73,4,4149.28
16462,73,3,102.0
17805,73,1,512.31
16181,73,1,305.54
16122,73,4,684.4200000000001
17061,73,11,5116.13
13514,73,1,152.20000000000002
13979,73,1,869.87
15827,73,14,1641.48
15674,73,5,1744.02
14101,73,6,5976.79
13016,73,3,789.89
17656,73,5,1674.69
16266,73,7,861.89
16629,73,2,417.73
13639,74,1,1033.34
17674,74,2,551.04
13927,74,1,348.99
12823,74,5,1759.5
15958,74,1,104.35
16778,74,2,245.94
16603,74,2,482.47
13434,74,2,534.24
13405,74,3,572.451
14908,74,1,277.8
15626,74,2,675.8
13233,74,2,605.12
15243,74,1,316.68
13390,74,1,544.08
14473,74,2,234.34000000000003
13866,74,1,145.67000000000002
16383,74,2,668.36
17997,74,8,1511.3
16468,74,1,74.9
17154,75,1,329.34
16342,75,4,322.41
15366,75,2,602.51
15799,75,3,884.14
15154,75,1,240.27
18066,75,1,318.0
16594,75,1,181.09
14152,75,2,611.09
17506,75,1,294.29
14806,75,1,193.39000000000001
14561,75,3,1080.76
13670,75,1,349.7
15312,75,4,921.1
14235,75,5,3093.86
17498,75,1,272.22
16480,75,1,769.29
13787,75,2,309.04
18155,75,3,347.82
16689,75,2,303.26
14757,75,1,420.5
16198,75,1,400.68100000000004
14652,77,1,114.18
14014,77,1,505.18
15549,77,3,1655.76
15075,77,1,773.03
15475,77,1,454.10999999999996
16485,77,1,363.65
13127,77,1,259.17
17480,77,1,506.51
14880,77,3,706.19
13336,77,1,795.12
16978,77,1,344.33
17388,77,4,1259.56
15744,77,1,34.8
18189,77,2,1084.34
15978,77,1,1098.78
16872,77,3,680.02
14038,78,3,1554.48
13279,78,1,126.30000000000001
13220,78,4,819.2900000000001
13519,78,1,110.80000000000001
17027,78,6,848.59
13055,78,3,1201.96
16735,78,5,2269.21
17311,78,2,1384.85
14854,78,7,2749.89
13320,78,4,1491.7
13486,78,3,1122.41
16715,78,1,301.71999999999997
14147,78,2,468.4
17079,78,1,118.80000000000001
13529,78,2,307.76
17172,78,1,313.26
15603,78,1,48.480000000000004
12930,78,2,409.9
15067,78,3,1744.76
16236,78,1,432.2
16213,78,1,159.0
15810,78,4,1145.43
12854,78,3,1289.15
17731,79,4,878.2
16493,79,4,1329.66
16627,79,1,322.8
13946,79,3,561.5699999999999
14356,79,2,666.9399999999999
17415,79,1,507.84
13959,79,3,598.2
14951,79,1,311.69
14887,79,1,1862.0
17475,79,1,194.37
13908,79,4,2347.05
14236,80,2,490.86
16215,80,1,242.35
13038,80,3,908.46
15026,80,3,469.0
16584,80,2,908.03
15888,80,1,141.27
16928,80,17,2781.5
15341,80,1,2020.52
16624,80,2,810.5699999999999
17873,80,5,1764.3600000000001
16777,80,2,226.35
13356,80,1,768.24
18017,81,3,523.0
18094,81,7,3017.3
17628,81,1,75.75
16080,81,2,176.6
16906,81,4,579.77
18232,81,4,582.47
13562,81,3,1799.33
17848,81,9,901.1999999999999
16527,81,1,228.06
13774,81,1,345.0
15504,81,1,52.83
13228,81,1,358.0
13325,81,1,675.3
15675,81,3,323.69
17058,81,3,1179.89
16370,82,4,1320.56
13334,82,3,3536.82
15947,82,1,1708.24
18194,82,1,896.0
13067,82,1,115.46000000000001
17802,82,3,1251.84
15099,84,1,410.48
13141,84,5,2385.8
13563,84,2,777.53
15523,84,1,412.01000000000005
15975,84,1,371.01
16709,84,5,3029.87
12871,84,2,380.64
16108,84,1,816.1
15410,84,8,3450.84
14124,84,1,419.58000000000004
16573,84,2,648.41
17002,85,3,1487.78
17786,85,2,278.74
17594,85,2,993.18
17846,85,1,2033.1
17898,85,2,152.06
13662,85,3,879.08
14894,85,1,655.75
13134,85,4,1740.63
13539,85,3,605.84
17047,85,3,1100.9
15417,85,1,508.8
15466,85,1,334.53
15322,85,1,602.97
13518,85,1,659.4399999999999
12995,85,1,200.72
15205,85,2,648.8299999999999
17333,85,1,494.25
14177,86,4,554.46
17347,86,1,228.96
17640,86,1,621.66
16745,86,17,7170.7
13877,86,1,117.24
17033,86,3,1030.14
14660,86,2,285.74
18173,86,4,2106.84
15343,87,1,364.5
16451,87,1,266.97
14163,87,4,2445.91
15216,87,1,96.6
17037,87,1,1253.22
16098,87,7,2005.63
16036,87,2,758.92
16229,87,2,1010.6
15201,87,5,927.84
18251,87,1,4314.72
14753,87,1,563.15
16959,87,1,117.35000000000001
15673,88,4,2881.02
12924,88,4,929.95
13375,88,1,772.9
17919,88,1,1304.04
12884,88,1,309.05
15980,88,3,2398.86
16475,88,4,544.3
15996,88,6,1044.78
16984,88,2,4392.42
15764,88,6,3245.47
17433,88,1,303.15999999999997
14307,88,6,2995.72
14500,88,3,356.85
16141,88,1,620.4
16209,88,5,2262.62
16211,88,1,542.77
16384,89,2,584.5
13372,89,1,378.64
15939,89,15,6102.26
18255,89,1,103.3
12965,89,1,771.91
14837,89,4,1641.2
15636,89,2,724.76
14212,89,1,1070.48
13611,89,3,1158.2
18215,89,1,299.34000000000003
16796,89,1,305.62
15035,89,1,252.73000000000002
13124,89,3,3866.33
14628,91,2,671.96
14915,91,2,258.83
15652,91,1,337.74
14414,91,7,1485.1299999999999
16027,91,6,852.12
13441,91,1,296.64
16723,91,2,589.15
16031,92,2,548.94
15198,92,2,193.64
13848,92,3,1255.0
13889,92,1,416.90000000000003
15488,92,1,91.32000000000001
14223,92,3,975.23
15400,92,5,666.7
13330,92,3,1140.93
18222,92,1,443.0
15653,92,2,877.4399999999999
13925,92,4,616.65
13244,92,1,121.74000000000001
14410,92,9,576.3
15885,92,3,379.35
13249,92,3,711.41
13210,93,1,353.48
16828,93,2,128.5
15071,93,2,982.07
18093,93,4,2083.42
16400,94,1,303.93
17339,94,2,243.36
14208,94,1,151.74
15462,94,3,234.6
13130,94,1,64.0
16175,94,4,1037.59
17460,94,6,452.63
17560,94,4,854.95
13122,94,2,922.39
13158,94,4,1201.06
13744,95,2,1156.36
13931,95,2,1230.93
13748,95,5,948.25
15491,95,6,3090.85
13192,95,2,911.94
15364,95,2,913.19
16172,95,5,1140.21
16551,95,3,922.12
18196,95,2,689.13
15307,95,1,205.3
13851,95,3,2651.46
14565,95,4,3073.77
16820,95,1,497.61
17309,95,1,82.75
12851,96,1,135.18
17722,96,4,2380.64
17050,96,6,3228.84
13548,96,2,682.41
17229,96,2,318.76
14965,96,2,599.0
17774,96,4,1215.46
13240,96,4,663.65
16761,96,1,316.62
14276,98,3,1019.39
18087,98,2,3770.1199999999994
14436,98,1,89.06
18027,98,1,115.31
14463,98,3,529.62
14171,98,1,363.79
15829,99,2,636.14
13099,99,1,207.35999999999999
13045,99,1,305.28000000000003
13470,99,2,165.0
16456,99,5,2158.37
16808,99,2,288.42
13376,99,3,1019.76
13631,99,11,3021.77
14420,99,1,385.87
16278,100,1,537.83
15596,100,5,1343.34
17588,100,3,1240.2
16083,100,2,1317.62
16780,100,2,425.19
15260,100,7,1780.77
14513,100,3,438.49
17320,100,3,1200.6200000000001
16180,100,8,10217.48
16842,100,3,1260.44
14078,101,6,1049.37
15866,101,1,230.53
17298,101,2,498.42
13301,103,4,618.09
15095,103,4,1364.7
15569,103,5,1375.71
16816,103,4,417.06
16806,103,4,801.49
15325,103,1,162.29
14472,103,8,1936.84
13778,103,1,178.7
15625,103,4,1504.56
16641,105,1,231.10000000000002
13489,105,4,449.52
13003,105,3,149.05
15074,105,1,748.87
14210,105,6,1900.89
17146,105,3,749.78
15641,105,4,1887.2
16503,106,4,1421.43
17134,106,2,425.0
14687,106,1,628.38
18200,106,1,163.8
14196,106,1,335.52
14055,106,1,725.6400000000001
16309,106,2,686.67
13000,106,3,534.85
17189,106,2,384.40000000000003
14314,106,1,120.0
16429,106,1,284.55
15263,106,1,156.51
16093,106,1,17.0
15663,106,1,138.14
13411,107,1,213.55
14407,107,6,2111.08
17256,107,2,240.0
15812,107,5,1801.14
15800,107,2,699.08
17869,107,5,428.18
16340,107,1,549.07
17268,107,4,763.64
14875,107,2,1448.72
14973,107,3,1314.45
13425,108,3,1624.21
17242,108,2,1135.04
16550,108,5,2266.25
14523,108,1,241.09
13140,108,3,423.72
13593,108,5,1990.28
18018,108,2,122.14
14364,108,8,3717.35
14045,109,4,1659.75
17083,109,3,1405.78
16952,109,2,167.61
17585,109,4,1133.07
13933,109,2,608.7900000000001
14460,110,3,383.34
16536,110,1,539.02
14013,110,3,473.02
15313,110,1,52.0
14224,110,4,1050.12
17029,110,2,716.0
14246,110,3,1474.06
17747,112,1,64.65
12968,112,1,135.95
14745,112,5,1167.16
14772,112,1,139.26
13242,112,3,270.40000000000003
16419,112,6,959.48
15938,112,5,404.58
15396,112,1,288.18
15797,113,4,2207.4
15472,113,1,371.56
15232,113,2,612.06
17045,113,3,339.44
16582,113,1,313.62
13273,113,1,138.98
13027,113,6,6912.0
17742,113,2,355.11
13655,114,2,932.97
18073,114,12,3864.44
16755,114,3,1484.63
15122,114,3,1612.13
14323,114,2,574.26
15541,114,1,85.13000000000001
17070,114,1,312.14
16092,114,3,779.36
17398,114,3,653.38
15734,114,2,1339.45
14006,115,3,962.19
15002,115,4,1641.76
15768,115,3,581.8299999999999
14918,115,2,1610.15
16927,115,3,543.05
13621,116,1,213.85
15624,116,4,588.13
16272,116,1,411.7
17252,116,2,353.86
18143,116,2,1000.16
17958,116,1,508.4599999999999
16902,116,1,1706.88
13799,116,2,688.86
13720,116,4,799.9
16961,116,1,234.17
14301,117,1,632.04
15683,117,1,193.75
17048,117,3,864.32
13873,119,3,381.7
15689,119,2,254.1
16045,119,4,1340.7
13888,119,2,605.63
14855,119,2,645.65
15192,119,3,1044.32
16317,119,3,1341.65
14406,119,1,156.75
17642,119,2,712.29
17122,119,1,138.32
13307,120,1,15.0
13645,120,1,252.1
15581,120,13,3429.9700000000003
14346,120,2,1021.58
17248,120,1,318.65
17994,121,4,629.6899999999999
14024,121,2,327.7
16292,121,1,280.9
13217,122,3,133.62
15247,122,1,356.0
13162,122,4,1644.99
13280,122,3,814.86
14127,122,3,709.71
13355,122,1,674.7
18248,122,2,783.02
17085,123,5,1555.05
13869,123,4,3104.95
16788,123,2,597.48
15985,123,2,1037.42
17331,123,1,175.2
14079,124,1,375.1
14053,124,2,260.25
13752,124,6,1186.28
13248,124,2,465.68
14331,124,2,462.65999999999997
17400,126,5,2129.96
16302,126,1,212.82
13082,126,9,3595.48
13513,126,1,205.1
17457,126,5,1737.7
16174,126,3,1009.5500000000001
15133,127,3,982.42
16572,127,3,999.7
14778,127,2,730.86
15254,127,1,300.36
13791,127,2,1047.68
14344,127,8,889.9300000000001
13218,127,1,62.63999999999999
18099,127,1,168.31
17267,127,2,317.62
17723,127,6,3276.4000000000005
13402,127,2,621.23
17692,127,4,733.4399999999999
15374,128,1,168.0
16835,128,2,180.85
16324,128,3,428.68
14972,128,1,114.77
12917,128,1,594.0
17514,128,1,208.65
18178,128,4,1573.41
17429,128,3,512.12
13850,129,1,1586.81
17553,129,1,1487.6
15342,129,1,391.76
14133,129,3,590.3399999999999
17887,129,1,111.35
13075,129,1,919.61
17353,129,2,1740.0
14076,129,1,122.47
14403,130,4,1426.31
17615,130,3,329.6
17282,130,3,1703.41
17053,130,1,496.38
17941,130,1,304.56
15438,131,1,156.57999999999998
17695,131,2,765.34
13722,131,3,2369.16
12942,131,3,683.9
14885,131,1,765.3199999999999
13388,131,2,627.15
14143,133,1,115.8
13414,133,3,1390.5
15776,133,1,241.62
17926,133,2,397.29
13106,133,1,59.5
18064,133,2,814.0
15942,133,1,337.44
15149,133,1,520.8000000000001
16147,133,1,375.0
15120,133,1,343.82
16951,134,3,1262.75
18151,134,2,653.35
15245,134,3,2515.84
12853,134,6,1881.7
15746,134,1,182.96
15639,134,1,425.32
15118,134,1,244.8
14002,134,2,529.73
17931,134,2,408.36
15261,135,1,254.82
13194,135,1,60.7
16447,135,1,259.01
13730,135,2,752.6
16696,135,4,657.9000000000001
15855,136,5,712.24
15372,137,1,2007.3999999999999
14692,137,4,582.05
14100,137,1,194.9
17693,137,1,187.02
13296,137,1,87.4
17040,137,1,449.73
16948,138,3,435.02
13802,138,3,3906.27
13116,138,1,485.19
12916,138,4,2982.35
17312,138,3,644.3
17649,138,1,861.74
17935,138,2,145.79
16178,138,1,197.9
16305,138,1,361.21999999999997
12864,138,1,147.12
13037,138,3,881.07
17265,138,2,562.9
15704,140,4,2293.62
18262,140,1,149.48
16866,140,3,207.73999999999998
18146,140,2,160.35000000000002
17660,141,1,196.0
15623,141,1,301.03
17694,141,1,283.12
14259,141,1,120.0
16654,141,4,594.97
17962,142,1,102.83
17866,142,1,325.7
16807,142,3,1121.59
12840,143,4,2714.27
15713,143,2,346.75
12947,143,6,1407.29
16112,143,4,195.73999999999998
12875,143,2,343.2300000000001
14117,143,1,90.0
13564,144,3,647.74
13821,144,2,385.64
16859,144,2,473.14
14758,144,4,1484.06
15716,145,4,1118.81
12833,145,1,417.38
13967,145,1,80.7
16054,145,1,783.9
17984,145,1,152.68
14958,147,3,499.68
15004,147,1,1246.32
14722,147,1,187.92000000000002
17948,147,1,358.56000000000006
12915,148,2,363.65
15402,148,2,626.77
17259,148,2,603.37
14891,148,2,554.38
14461,148,3,2103.06
15256,148,1,98.45
14847,148,1,309.4
14400,149,1,559.7
13667,149,1,305.02
13420,149,2,140.35
16450,149,1,311.92
15895,149,1,179.17
15795,149,1,610.01
16998,149,4,287.02000000000004
18121,149,2,673.1
14548,150,2,652.8
15577,151,3,258.88
17337,151,4,1944.32
15265,151,2,1506.1200000000001
13678,151,1,232.6
14552,151,1,165.07
13675,151,2,486.82000000000005
15045,151,2,633.66
13754,151,2,282.59999999999997
17126,152,5,991.85
17787,152,4,1865.19
18024,152,2,236.77999999999997
15182,154,2,622.85
14264,154,2,319.47
14104,154,2,216.20999999999998
13955,154,2,322.96
18037,154,6,70.02
16398,154,2,1631.15
16091,154,2,315.06
15920,154,4,167.5
14459,155,1,1837.92
13583,155,1,781.03
18013,155,2,187.29
15512,155,2,121.0
14021,155,3,631.9
13699,155,1,308.58000000000004
13291,155,1,361.11
13302,155,1,63.75
17341,156,3,781.36
16829,156,1,197.22
17440,156,3,177.1
14645,156,2,597.09
12977,156,1,39.239999999999995
15334,156,3,351.67
16919,156,11,2596.45
13253,156,2,1030.4
15889,156,2,446.87
14352,157,4,1078.96
15646,157,3,425.14000000000004
12980,157,9,7092.06
17046,157,1,642.02
13085,157,2,272.38
16338,157,1,214.79999999999998
13338,157,1,431.82
14905,157,2,599.9
18142,157,2,1014.9
16146,157,3,734.13
18203,157,1,160.42000000000002
16344,158,1,101.10000000000001
15349,158,2,473.81
17464,158,1,289.96000000000004
17765,158,3,371.88
17939,159,1,99.14
13833,159,1,384.8
17105,159,2,665.78
17899,159,1,155.8
15007,159,1,156.91
17781,159,2,188.02
16498,161,2,86.12
15483,161,4,233.81
14338,161,2,554.22
12922,161,1,405.38
17505,161,2,1145.84
17123,161,1,345.29999999999995
17891,162,1,203.85999999999999
13745,162,1,291.54
15578,162,1,127.1
14803,162,3,845.55
14267,162,3,1279.09
16801,163,4,867.83
17391,163,2,508.8
16553,163,12,5664.57
17408,163,1,32.65
15537,163,1,110.92
14327,163,1,311.65
15146,164,2,1313.66
16545,164,1,339.3
14351,164,1,51.0
16473,164,3,314.86
13656,164,2,379.65
14481,164,2,636.51
18193,165,1,212.96
13453,165,2,356.97999999999996
17980,165,3,811.45
15976,165,2,430.94
17110,165,1,163.29999999999998
14795,166,1,131.45000000000002
17969,166,2,228.2
15644,166,4,813.0
13856,168,3,363.4
17704,168,2,885.19
15665,168,2,2242.01
15258,168,2,623.16
15130,169,1,330.11
17630,169,2,503.59999999999997
13937,169,1,158.85
17709,169,1,137.45
13929,169,2,802.85
15384,169,2,635.76
15379,169,7,3631.8900000000003
14656,169,2,291.05
16287,169,1,142.5
13300,169,1,365.29
16647,169,2,214.06
14584,169,4,1029.26
15041,170,1,180.35
16247,170,1,114.56
16214,170,3,1062.75
16114,170,1,135.75000000000003
14998,170,2,429.87
14643,170,2,668.61
17877,170,1,237.61
15507,171,1,492.36
16526,171,1,290.36
17960,171,1,73.78
15412,171,1,190.53
18260,172,6,2595.0
15700,172,2,664.03
15921,172,1,336.03000000000003
15280,172,1,113.12
15825,172,1,532.94
15016,172,1,170.04
17897,172,3,541.1
15076,172,1,880.85
15389,172,1,500.0
15909,173,1,191.94
13568,173,1,192.85
13005,173,2,468.95
12837,173,1,134.1
18062,173,3,720.52
15535,173,4,459.9
13618,173,1,177.34
17616,173,3,571.1999999999999
16050,173,1,137.9
17879,173,1,178.51999999999998
16805,173,2,460.59
14162,173,2,289.36
16484,173,2,379.4
17204,175,4,1352.91
14491,175,2,340.93
18168,176,6,1133.64
17446,176,2,120.9
12908,176,2,246.0
16276,176,1,810.6000000000001
15219,176,1,305.75
15585,176,1,455.3
13951,176,3,674.45
16257,176,1,46.95
16739,176,1,312.55
14037,176,2,147.20000000000002
13826,176,1,174.65
15574,177,4,702.25
17536,177,1,76.5
16644,177,2,833.78
13343,177,1,303.93
18165,177,1,302.46000000000004
14222,177,1,683.17
16461,177,1,151.42
17749,178,2,674.52
15912,178,2,264.62
17179,178,3,711.79
13476,178,2,1092.77
13936,179,1,361.28
13663,179,1,189.47
14573,179,9,1603.72
15069,179,1,1109.53
17349,179,1,110.75
13080,179,1,58.08
17795,179,2,350.39
14450,180,3,483.25
18281,180,1,80.82
14823,180,3,321.43
16581,182,1,70.44
13533,182,3,270.79
13686,182,1,72.0
17234,182,1,149.89000000000001
16614,182,1,506.19
15098,182,3,649.5
15780,183,3,475.28000000000003
14241,183,1,213.70000000000002
13900,183,3,740.95
14501,183,2,190.31
16113,183,1,161.38
14231,183,3,822.0600000000001
15609,184,1,270.03000000000003
16955,184,4,493.67
16832,184,3,199.15
13466,184,1,297.95
14622,184,1,320.58000000000004
17409,184,2,771.85
17874,185,6,658.26
14867,185,3,701.33
17026,185,2,154.82999999999998
12891,185,3,331.0
12868,185,6,1607.0600000000002
18072,185,1,-5.329070518200751e-15
17707,185,2,152.4
14375,185,1,257.68
17987,185,1,198.57
17124,185,1,298.89
14542,185,1,103.25
17854,185,2,311.26
13395,185,1,307.72
16849,186,1,124.57
15386,186,1,394.14
16611,186,1,120.99000000000001
15852,186,2,160.71
16520,186,3,1036.6200000000001
14512,187,2,275.28
17708,187,2,267.08
16883,187,2,276.73
14682,187,2,52.0
13682,187,1,59.5
16963,187,1,110.55000000000001
13294,189,2,873.74
16230,189,2,542.03
16117,189,1,232.21
15405,189,1,349.1
15508,189,6,1000.27
16967,189,1,319.02
13885,189,2,506.8
16659,189,1,39.12
17900,190,2,15.0
16529,190,1,455.25
15658,190,5,958.9
15918,190,2,334.23
14453,190,1,119.93
17531,190,1,293.45
13062,191,1,346.98
14377,191,2,617.05
17472,191,3,710.29
16424,191,1,82.56
13475,191,4,1431.78
15643,191,3,647.4
18190,192,2,274.51
13398,192,1,457.34
16483,192,1,139.35
18231,192,5,2066.17
17454,192,4,517.53
16810,192,1,275.64
13070,192,1,228.8
15925,194,1,207.15
17152,194,3,1503.5
16889,194,3,1578.67
16567,194,2,865.6
15897,194,2,222.05
17051,194,1,247.14000000000001
14828,196,3,2139.76
15104,196,2,1002.54
14625,196,2,848.48
16323,196,1,207.50000000000003
16034,196,3,437.7
16275,196,1,559.87
13135,196,1,3096.0
12999,196,3,455.88
14280,196,1,134.04
17550,197,3,267.16
12974,197,1,144.8
16838,197,2,582.9
16449,197,2,674.69
16356,197,3,210.32000000000002
14740,197,3,1423.21
14816,197,1,271.85
14985,198,2,296.75
15882,198,4,495.36
16448,198,1,188.89000000000001
14705,198,1,179.0
16763,198,1,594.9
17770,198,5,1143.27
14009,198,2,685.9300000000001
17955,198,4,557.3
15314,199,1,327.97
17375,199,3,372.5
15042,199,1,135.93
18202,199,3,1396.99
13223,200,2,163.20000000000002
13479,200,2,291.0
13737,200,1,339.59999999999997
13339,200,1,860.12
17715,200,1,326.4
14817,200,2,1110.34
14195,201,2,962.7
15705,201,1,143.1
14647,201,1,243.22
15292,201,1,180.94
17176,201,1,306.13
15724,201,2,212.3
13227,201,1,257.7
13391,203,1,59.8
16226,203,3,255.12
13243,203,1,600.07
18048,203,2,172.29000000000002
17455,203,1,131.7
13887,204,1,349.55
12897,204,2,216.5
15648,204,2,599.9
14896,204,2,468.77000000000004
17871,204,1,155.9
17245,204,1,171.45
13572,205,1,1384.25
14620,205,2,393.28000000000003
13659,205,2,1550.85
13531,205,2,483.8
17556,205,1,157.9
13976,206,1,357.98
17504,206,9,2745.2799999999997
14320,206,2,343.11
14888,207,1,369.2
14489,207,1,463.38
15813,207,2,1303.9099999999999
17263,208,1,63.440000000000005
15333,208,1,1028.56
14689,208,1,112.8
14873,210,1,519.68
12857,210,2,1106.4
16006,211,1,101.4
16943,211,3,816.73
18218,211,2,626.38
16244,211,2,1522.75
14988,211,1,334.54
13837,211,2,271.24
14000,211,1,633.71
17970,211,1,582.59
12976,211,1,738.6
16116,211,1,592.88
13235,212,1,101.17000000000007
14920,212,2,977.77
18133,212,1,715.4999999999999
13052,212,1,348.15000000000003
15732,212,2,294.12
15729,212,1,62.0
15079,212,4,893.66
17889,212,2,203.87
15433,213,2,417.87
13990,213,1,311.3
15063,213,1,370.79999999999995
14288,213,1,413.85
16306,213,6,602.27
16431,213,3,642.81
15381,213,2,596.85
17597,213,1,2044.3700000000001
12821,214,1,92.72
16756,214,1,239.4
12888,214,2,313.77
18120,214,1,111.15
14699,214,1,109.13000000000001
13642,215,1,354.8
13561,215,1,141.85999999999999
15092,215,2,457.81
14161,215,3,1110.52
14353,215,1,90.6
17174,217,1,59.9
13723,217,1,199.85000000000002
15235,217,12,2247.51
15668,217,1,76.32000000000001
16319,217,1,404.40000000000003
13952,217,2,3246.091
18227,217,1,93.75
18078,217,2,336.13
15552,217,1,90.12
17604,217,2,309.36
14697,218,2,188.60999999999999
13711,218,2,252.06
16990,218,1,179.0
14423,218,1,265.2
17578,218,1,124.74
16714,218,3,911.53
14393,218,1,67.95
14340,218,1,134.7
15759,218,3,253.04
18239,218,5,1561.6100000000001
17374,218,2,495.77
14199,218,1,185.39999999999998
16109,218,2,611.88
16457,218,1,208.36
17849,218,4,605.8000000000001
14245,219,2,1677.48
16610,219,1,75.66
17646,219,3,995.6600000000001
17394,219,1,203.86999999999998
13731,219,2,610.59
16055,220,1,134.8
17501,220,2,288.6
14149,220,1,259.43
14304,222,1,197.1
16634,222,2,217.9
16227,225,1,308.32000000000005
17893,225,1,112.25
15143,225,1,259.45
14022,225,1,440.0
17991,225,2,93.35
15210,225,1,331.18
15223,225,2,454.90000000000003
14271,225,1,112.32
13229,225,1,160.95
16965,226,1,201.19
17187,226,1,203.95
16698,226,2,1998.0
15891,226,1,524.52
18220,226,1,297.78000000000003
17670,227,1,205.7
17277,227,2,1065.3500000000001
16834,227,1,413.46
18183,227,2,600.52
16823,227,1,358.38
16163,232,2,441.59999999999997
16587,232,1,225.15
17718,232,1,139.35
14770,232,2,876.42
13482,232,1,184.64
17946,233,2,149.57999999999998
13485,233,1,454.24
14148,233,1,157.2
17120,233,1,307.46
15517,233,1,267.03
17217,234,1,113.5
15225,234,1,409.40000000000003
14242,234,2,280.55
13101,234,1,101.19
14672,234,2,765.55
15717,234,1,150.3
16617,235,1,151.85
16947,235,1,406.48
16217,235,2,259.39000000000004
18009,235,1,252.24
16193,236,1,314.45
12878,236,2,841.64
18213,236,1,232.48000000000002
14532,236,4,932.85
17697,236,1,338.95
17990,236,3,630.84
17582,236,1,175.27
13474,236,1,229.59
15246,238,2,514.15
17367,238,1,168.4
13120,238,1,30.599999999999998
17362,239,2,312.23
14154,239,2,1345.62
14206,239,1,308.26
14105,239,1,1260.33
15935,239,2,416.86
17601,239,1,116.00999999999999
15230,239,2,429.6
15139,239,2,178.96
17142,239,1,579.0
15135,239,1,127.15
16957,239,2,416.64
13740,240,1,350.75
15147,240,1,608.65
13221,240,2,847.41
17746,240,1,98.8
16097,240,1,185.04999999999998
17972,241,1,136.04
14669,241,3,1269.99
17278,241,1,246.04
15212,241,1,88.94999999999999
15777,241,4,1021.61
13484,241,1,313.8
16697,241,1,112.75
14616,242,3,406.08000000000004
14326,242,1,166.85
14311,242,1,229.71
12982,242,1,377.2
14339,242,1,289.90999999999997
17574,242,1,185.65
16552,242,2,379.73
13570,243,1,239.49
18129,243,1,112.55000000000001
13508,243,1,110.97
15655,243,1,511.32
14924,245,1,310.05
17035,245,2,388.33
16010,245,3,407.5
16643,245,1,487.51
16623,245,1,129.45
14619,245,1,379.51
15775,245,1,104.9
15109,245,1,463.75
15119,245,1,266.4
14465,246,3,1058.6200000000001
13718,246,2,306.55
13712,246,1,228.84
14981,246,1,102.12
16144,246,1,175.2
17906,247,1,72.9
15917,247,1,123.1
14220,247,2,632.4
16378,247,3,362.95
17140,247,1,465.32
13863,247,1,299.56
14964,247,1,206.21
16586,248,1,463.95
17492,248,1,374.57
16105,248,1,336.96
15442,248,1,594.0
17956,249,1,12.75
16142,249,1,535.34
14747,249,1,294.3
18185,249,1,304.25
13059,249,1,183.4
13781,250,1,127.84
14886,252,1,364.8
17701,252,1,417.95
16162,252,1,37.4
13841,252,1,85.0
13626,252,1,257.23
13462,252,1,143.25
17580,252,3,215.72
15691,252,1,136.8
15894,253,2,263.55
17438,253,1,378.3
14479,253,2,316.25
14957,253,1,58.49
14890,253,1,125.65
13060,253,1,307.53
17212,253,1,226.85
15353,254,2,777.02
17775,254,1,56.4
18108,254,1,264.65
15832,254,1,836.79
15528,254,1,229.33
15424,254,2,383.34
13439,255,1,283.71
15589,255,3,456.58
16980,255,2,1078.96
13803,255,1,277.07
18010,256,1,174.8
13368,256,2,623.4
13649,256,2,346.6
15083,256,1,88.2
16692,256,2,1276.0
15032,256,3,4464.1
13357,257,1,609.95
14476,257,1,215.7
18071,257,2,453.0
14536,259,1,171.8
13452,259,2,590.0
16063,260,1,335.32
17698,260,1,154.95
15178,260,1,40.5
14348,260,1,409.57
16022,260,1,628.28
13512,260,1,251.21
14256,260,2,935.0600000000001
13341,260,1,775.85
16769,260,1,380.39
13132,261,1,77.3
17102,261,1,25.5
13239,261,1,329.56
17486,261,1,396.87
18191,261,1,207.79999999999998
16250,261,2,389.44
14870,261,1,327.25
17507,261,2,605.58
15437,262,1,200.16
15457,262,1,237.07
12831,262,1,215.05
16135,262,1,517.55
16721,262,1,292.47
14632,262,1,114.56
16427,263,2,241.06
17763,263,1,15.0
13262,263,1,200.29
17678,263,1,298.11
14762,263,1,300.52
13934,263,1,922.1
18224,263,1,158.95000000000002
16619,263,1,204.41
15703,264,1,211.5
14693,264,1,172.9
16096,264,1,320.62
17230,264,8,3466.67
16402,264,2,299.6
15408,264,1,267.18
12902,264,1,138.68
15445,264,1,113.5
13072,266,1,177.15
14066,266,1,152.55
14059,266,1,183.6
16716,266,2,319.8000000000001
14633,266,1,344.90000000000003
17060,266,1,234.24
14155,266,1,118.75
16256,266,1,732.63
14041,266,1,141.41
15019,266,1,266.0
15695,266,2,409.98
13707,267,2,806.41
14840,267,1,62.85
16976,267,1,251.51999999999998
12845,267,4,354.09
16377,267,1,676.2
13185,267,1,71.4
16216,267,1,914.9300000000001
13216,267,1,333.74
16152,268,1,1829.04
13261,268,2,944.1
13358,268,1,439.03
13299,268,1,142.5
16297,268,1,275.4
13716,269,1,138.28
16037,269,3,855.02
15047,269,1,343.62
17542,269,1,170.75
16392,269,1,221.19
13121,269,1,254.73
14962,270,1,126.7
13708,271,1,296.88
13133,273,2,109.8
13043,273,1,471.57
16766,273,2,1145.6
13226,273,1,108.21000000000001
15049,273,1,121.17000000000002
17194,273,2,262.62
14114,273,2,386.53
14350,274,1,258.7
14603,274,1,660.0
18086,274,1,101.34
16471,274,1,223.95000000000002
15308,274,1,302.27
14727,274,1,268.58
16625,274,1,333.08
15057,275,2,1489.5
17138,275,1,380.5
14165,275,1,122.53999999999999
13093,275,8,7741.47
12881,275,1,298.0
15234,276,1,197.0
17639,276,1,108.5
15944,276,1,325.1
14586,276,1,134.16
16917,276,1,391.52
14012,277,1,328.8
15869,277,2,149.64
16517,277,1,162.7
18280,277,1,180.60000000000002
15554,277,1,217.2
17654,277,1,117.55
14247,278,1,136.76999999999998
17535,280,1,164.4
14670,280,2,411.53
17325,280,1,96.8
14570,280,2,218.06
14779,280,3,386.15
13382,280,1,222.99
17789,281,1,225.9
13715,281,5,1053.94
17995,281,1,76.1
14483,281,1,129.2
15087,281,1,306.94
16159,281,1,348.2
16792,282,2,110.38000000000001
13497,282,2,321.05
17923,282,1,207.50000000000003
15733,282,1,162.3
12834,282,1,312.38
12873,282,1,374.0
15456,283,3,447.22
13166,283,1,414.7
15709,283,1,133.25
15319,283,1,204.5
16078,283,1,79.2
15257,283,1,232.14999999999998
14046,284,1,154.99
17165,284,1,158.68
14036,284,1,626.65
16339,284,1,109.95
13684,285,1,64.23
16598,285,1,140.7
13753,287,1,741.26
13973,287,1,264.7
13345,287,1,377.6
12945,288,1,462.95
16997,288,3,702.0
13751,288,1,296.25
18056,288,1,363.65
16072,288,1,584.3199999999999
17117,288,1,116.19999999999999
15543,288,1,127.86
17499,289,1,622.88
15397,289,1,94.0
17171,289,1,224.91
18068,289,1,101.69999999999999
15303,290,1,574.02
16349,290,1,53.5
18114,290,1,220.1
16913,290,1,113.44
13044,291,1,560.47
12988,292,1,535.32
13932,294,1,307.4
16765,294,1,34.0
12852,294,1,299.75
14371,295,1,100.5
13151,295,1,1250.3700000000001
18138,295,1,152.65
15670,296,1,173.05
16509,296,1,363.7
14386,296,1,142.4
16148,296,1,76.32000000000001
16494,296,1,826.53
13893,297,1,821.1
14176,297,4,574.0
14760,297,1,53.8
16073,297,1,94.35
16738,297,1,3.75
15236,298,1,321.05
16084,299,1,436.18
16897,299,2,213.03
13819,301,3,1140.35
18159,301,1,530.15
13706,302,1,330.79
14431,302,1,397.76
16725,302,7,775.07
14081,302,2,904.67
17334,302,2,306.6
16405,302,2,167.25
16425,302,1,302.7
17358,303,2,365.85
15970,303,1,314.1
15843,303,1,118.95000000000002
17843,303,1,205.48
17859,304,1,148.21
15753,304,1,79.2
17881,304,1,133.35000000000002
14600,305,1,393.33000000000004
14048,305,1,375.13
17392,306,2,457.91
14438,306,1,131.9
15808,306,4,3724.77
12956,306,1,108.07
13584,306,1,142.4
17517,308,1,153.94
17226,308,1,393.49
13963,308,4,664.54
17291,308,1,550.8000000000001
15090,308,1,381.32
13800,309,1,558.32
16030,309,1,331.24
14497,309,1,457.47
13581,309,1,118.0
14457,310,1,113.64
15226,310,1,154.41
17912,310,5,295.61
14411,310,1,1063.0
17223,310,2,426.79
18250,310,1,342.92
15107,311,6,247.66
13494,311,1,316.26000000000005
17356,311,1,178.22
14496,311,2,538.8100000000001
12929,311,1,105.1
14850,311,1,278.15
15940,311,1,31.799999999999997
14549,311,1,289.24
16403,312,1,161.04999999999998
17619,312,1,218.52
18095,312,2,580.0500000000001
13600,312,1,219.52
15448,312,1,494.64
15881,312,5,438.24
17239,312,1,379.95
17431,313,1,403.3
15415,313,1,572.8100000000001
13161,313,1,112.75
17062,313,4,534.47
13328,316,1,1308.48
13506,316,2,452.82
15661,317,2,309.8
17118,317,1,157.02
16124,317,1,187.15
13002,318,1,120.94999999999999
16222,318,1,846.72
13703,318,1,99.5
15222,318,1,585.0
14248,318,1,302.58
15213,318,2,325.05
16757,318,1,106.83000000000001
13615,318,1,399.99
15820,319,1,206.98
14782,319,1,200.10000000000002
14368,319,1,155.0
14130,319,1,483.86
13551,319,1,91.80000000000001
15052,319,1,215.78
14068,320,1,265.85
17714,320,1,153.0
15167,320,1,163.0
17094,322,1,270.20000000000005
17890,322,2,602.09
16387,322,1,94.36
15174,322,1,135.75
15262,323,1,178.95000000000002
13008,323,1,178.46999999999997
15422,323,2,97.7
17862,323,1,330.9
14090,324,1,76.32000000000001
18233,325,1,440.0
15395,325,1,107.45
13898,325,1,155.93
18212,326,1,248.42
13859,326,1,201.16
12872,326,2,599.97
14238,326,1,146.85
15316,326,1,165.0
18106,329,1,430.7
13385,329,1,534.57
15447,330,1,155.17
13284,330,1,196.15
15510,330,1,250.0
18085,330,2,689.95
16315,330,1,226.37
14185,331,1,197.65
15171,331,1,1034.5
14270,331,1,492.65000000000003
16351,332,1,153.9
15346,332,1,252.42000000000002
13144,332,1,110.95
17569,332,1,344.14
15100,333,3,635.1
17406,333,3,1928.72
15326,333,1,311.71
16850,333,1,332.41
18032,334,1,73.5
17128,334,1,157.09
12829,336,2,253.05
15607,336,1,104.76
14889,336,1,135.9
15649,336,2,816.0
13187,337,1,236.02
15266,338,1,119.3
15464,338,1,1048.85
16282,339,1,168.3
13304,351,1,300.42
15562,351,1,134.55
13922,351,1,172.25
16270,353,1,1141.24
15279,354,1,277.40999999999997
15460,354,1,216.76
17343,355,1,193.64
15204,357,1,316.58
13033,357,1,190.55
15160,357,1,158.16
17691,358,2,290.40000000000003
18176,358,1,448.65
14373,358,1,76.55
15789,358,1,351.3
12967,358,2,1194.75
13874,358,1,540.45
15224,358,2,310.48
17496,358,1,271.05
17551,359,1,306.84
18050,359,1,74.4
17752,359,1,80.64
13295,359,1,197.95000000000002
17525,359,1,422.70000000000005
16202,360,1,365.27
16499,360,2,319.1
16812,360,1,479.35
13948,360,1,102.0
15361,361,1,418.92
17303,361,1,250.04
17524,361,1,145.0
15503,362,1,147.09
15454,362,1,179.1
14413,362,1,122.7
17251,362,1,283.28000000000003
18004,362,1,169.47
16665,362,1,135.39999999999998
16565,364,1,173.7
14082,364,1,182.25
16727,364,1,272.82
17880,364,1,458.92
15723,364,1,203.1
14355,365,1,174.4
17978,365,1,300.91999999999996
16795,365,1,414.88
13369,365,1,263.75
16065,365,1,372.09
15945,365,1,181.0
17456,365,1,249.86
18269,366,1,138.9
15347,366,1,201.60000000000002
14821,366,1,48.800000000000004
13270,366,1,590.0
16679,366,1,129.75
15221,366,1,114.1
16893,366,1,145.93
15973,366,1,99.77000000000002
13807,367,1,112.6
16125,367,1,289.35
15180,367,1,87.5
13786,367,1,230.39999999999998
18119,367,1,181.12
15899,368,1,56.25
16658,368,1,123.24
18113,368,1,76.32000000000001
17860,368,1,252.8
16858,368,1,345.89000000000004
14813,369,2,155.43
15880,369,1,313.28000000000003
16718,369,1,623.75
16926,371,1,230.25
17967,371,1,123.07
14589,371,1,39.75
13370,371,1,721.32
14576,372,1,35.400000000000006
16754,372,1,2002.4
16781,372,1,294.65
13108,372,1,350.06
15363,372,1,318.05
16752,372,1,207.5
16510,372,1,248.1
17732,372,1,303.97
13011,372,1,50.550000000000004
12855,372,1,38.1
15070,372,1,106.2
17855,372,1,208.97
15923,372,1,127.08
17925,372,1,244.08
17976,372,1,353.19
14729,373,1,313.49
14142,373,1,311.81
15350,373,1,115.65
13747,373,1,79.6
18074,373,1,489.6
18011,373,1,102.78999999999999
17643,373,1,101.55
15165,373,1,487.75
13065,373,1,205.86
17908,373,1,243.28
14237,373,1,161.0
16048,373,2,243.69000000000003
16274,373,1,357.95
16583,373,1,233.45
17968,373,1,277.35
15922,373,1,363.6
